"experiencia","idade","grau_educacional","setor","regiao","carga_horaria","tamanho_empresa","dominio_tecnologico","salario"
7.2,38.4567361573576,"Fundamental","Privado","Centro-Oeste",38.2,353,6.5,7048.27697760212
8.8,42.7332182611225,"Superior","Privado","Centro-Oeste",37.2,672,3.9,6431.5209950856
17.8,58.8378630413815,"Superior","Privado","Sudeste",45.3,543,5,10304.6480210365
10.4,46.9508046393861,"Pós-Graduação","Privado","Sudeste",35.3,861,6.1,9180.05581698603
10.6,46.7056672266989,"Pós-Graduação","Autônomo","Sul",35.1,543,6.3,10350.3355371325
18.6,62.9026958390145,"Superior","Público","Nordeste",48.8,288,1.6,10417.9250444886
12.3,49.7610882565227,"Superior","Privado","Nordeste",39.1,988,1.7,8181.26807538591
3.7,30.0087760110277,"Pós-Graduação","Público","Sudeste",43.9,418,3,6406.39662721828
6.6,37.5903133869499,"Superior","Privado","Sul",39.5,556,7.6,7842.68354508851
7.8,41.544323571487,"Superior","Autônomo","Sudeste",48.6,986,2.7,5584.25230471657
16.1,56.9263056398429,"Fundamental","Público","Norte",38.9,594,9.6,9576.29855396882
11.8,49.4370358255243,"Superior","Privado","Centro-Oeste",33.7,707,2.2,7090.65008920005
12,48.06237601088,"Pós-Graduação","Privado","Nordeste",51.2,-227,4.6,6784.98436347378
10.6,46.4581208186312,"Superior","Privado","Norte",46.5,131,9.3,7905.20251130414
7.2,38.851973288377,"Médio","Autônomo","Centro-Oeste",42.3,198,8.8,5383.48522699076
18.9,62.1508446374548,"Superior","Público","Sudeste",38.8,580,7.2,12088.2545050334
12.5,49.8141644556184,"Pós-Graduação","Autônomo","Sul",41.3,690,9.3,12523.3655549202
0.2,27.1147612183763,"Médio","Autônomo","Norte",34.9,81,6.4,2198.01680832236
13.5,52.172215159503,"Superior","Público","Nordeste",47.3,742,8.5,12661.1134941425
7.6,40.4224384605328,"Médio","Privado","Sul",40,1537,5.5,8353.86704206369
4.7,35.9918410904903,"Médio","Público","Sudeste",45.5,808,3.2,6070.33330294881
8.9,42.5123050940771,"Fundamental","Autônomo","Sul",39.9,230,8.5,8845.64785755484
4.9,35.3177252545903,"Médio","Autônomo","Sudeste",40.7,141,1.1,2519.66913948965
6.4,37.0769091477456,"Fundamental","Privado","Sul",46.7,309,8.3,5870.41046729692
6.9,39.6483555753698,"Superior","Público","Norte",37.3,978,8.5,8169.6348203787
1.6,26.8530187916283,"Pós-Graduação","Privado","Sudeste",34.9,465,2.6,4002.10992853515
14.2,53.3441739342965,"Pós-Graduação","Privado","Sudeste",40.8,403,4.4,9846.94987799217
10.8,47.7277179794983,"Superior","Privado","Norte",30.8,822,1.2,6312.82210727238
4.3,34.9384395225258,"Fundamental","Público","Norte",45.1,1016,5.2,7793.51259271876
16.3,57.513528727889,"Médio","Privado","Sudeste",42,272,2.1,6518.24347237962
12.1,46.8102563633814,"Superior","Público","Norte",34.8,588,5,7932.52304004834
8.5,43.6452488735979,"Médio","Autônomo","Centro-Oeste",40.5,317,3.8,2811.87866187483
14.5,53.3774582955209,"Médio","Privado","Centro-Oeste",39.1,203,5.6,6431.51864042011
14.4,54.5181771504129,"Pós-Graduação","Público","Sul",39.1,810,5.5,11062.5976385574
14.1,51.5033571580938,"Fundamental","Público","Sul",28.8,403,2,6586.39859697849
13.4,51.3538460241444,"Médio","Público","Centro-Oeste",33.9,681,9.4,9717.8516627704
12.8,52.2310607324029,"Superior","Autônomo","Nordeste",42,203,5.8,7634.03455380813
9.7,44.7429361988705,"Superior","Público","Norte",44.8,576,7.6,8458.901936053
8.5,42.3435543155487,"Superior","Autônomo","Centro-Oeste",46.3,-138,4.3,5985.18734760574
8.1,42.0979842497726,"Pós-Graduação","Autônomo","Nordeste",37.8,163,7.8,6725.82705161012
6.5,36.6352663669551,"Médio","Público","Sudeste",41.6,804,7.2,7934.32501328909
9,43.0317768733169,"Superior","Público","Sul",42,299,8.1,7920.70102028831
3.7,32.8748746288934,"Superior","Público","Nordeste",33,481,1.2,5252.57054800759
20.8,67.7328395777255,"Médio","Privado","Nordeste",35.9,149,5,9092.00789115926
16,56.1906012217629,"Superior","Privado","Sudeste",37.7,10,1.9,6475.00351391885
4.4,34.0342399315094,"Superior","Privado","Sul",34.7,435,2.3,NA
8,41.6662540110578,"Fundamental","Público","Sul",45.8,653,5.6,7581.8332564184
7.7,44.1157207258795,"Superior","Privado","Centro-Oeste",40.5,207,2.7,5271.75601142543
13.9,54.3898678380754,"Fundamental","Público","Centro-Oeste",44.2,541,5,9038.46924186267
9.6,41.8294133656793,"Pós-Graduação","Privado","Sudeste",37,963,1.8,9034.03888975428
11.3,47.6172274128644,"Superior","Privado","Sul",36.3,436,4.7,6764.47982553321
9.9,44.9910820737629,"Médio","Autônomo","Sul",35.1,473,1.9,4057.01032192389
9.8,45.4181622179027,"Pós-Graduação","Autônomo","Norte",43.8,471,9.2,8012.53309470782
16.8,57.9007718938559,"Pós-Graduação","Privado","Norte",41.6,559,1.6,9836.97048579289
8.9,43.7964515296664,"Médio","Público","Sudeste",39.6,686,4.5,6717.77375398863
17.6,59.5072546464317,"Médio","Público","Norte",39.3,306,8.2,9682.53174606037
2.3,29.4965169531613,"Médio","Público","Nordeste",43.7,717,4.5,5420.69407087144
12.9,51.4038660643187,"Superior","Autônomo","Sudeste",39.2,267,2,6070.13764487305
10.6,45.5919550166405,"Pós-Graduação","Público","Sul",37.4,545,2.4,7475.96862526885
11.1,47.28486612052,"Superior","Privado","Sudeste",36.9,718,7.6,11360.9582888515
11.9,50.3779901987475,"Médio","Privado","Norte",37.6,164,3.5,4733.69277400802
7.5,39.5363462562944,"Médio","Privado","Nordeste",31.8,585,9.9,8996.26542178654
8.3,40.441472994103,"Superior","Privado","Sudeste",46.8,611,8.8,9689.38323956848
4.9,35.5236856409779,"Fundamental","Público","Nordeste",34.7,440,4.8,7227.99569408853
4.6,33.4154593388167,"Superior","Público","Centro-Oeste",37,357,9.7,8380.82634524935
11.5,47.7315999744797,"Superior","Público","Sul",35.3,287,4.8,8129.36806924046
12.2,49.907799265824,"Pós-Graduação","Privado","Sudeste",43.3,872,9.5,10839.0317164072
10.3,46.0613310039016,"Médio","Privado","Centro-Oeste",41.7,131,8.2,NA
14.6,55.379449585564,"Superior","Privado","Nordeste",42.3,657,3.2,8228.9119965837
20.3,64.9206036665858,"Superior","Público","Norte",44.8,464,5.4,11080.8108725203
7.5,39.6813884300337,"Pós-Graduação","Privado","Norte",36,138,8.8,7350.86786542348
-1.5,21.3419807061355,"Superior","Público","Sul",40.5,242,3,3903.63771203131
15,54.8373840197244,"Superior","Público","Norte",38.1,219,1.8,7398.5915983273
6.5,39.9893491197331,"Pós-Graduação","Privado","Nordeste",35.2,635,1.7,2308.77708262782
6.6,38.138948058903,"Médio","Privado","Norte",39.7,417,2.8,4233.60731592187
15.1,55.1721900160817,"Médio","Privado","Centro-Oeste",37.3,862,5.8,9442.01861724008
8.6,42.7115258933011,"Médio","Privado","Sudeste",47.7,495,6.6,6789.67568796138
3.9,31.5832466167265,"Fundamental","Público","Sudeste",49.9,348,4,5260.68648869455
10.9,47.7536010270802,"Fundamental","Público","Sudeste",50.1,338,9.8,8791.29482620967
9.3,43.5416359548098,"Superior","Autônomo","Centro-Oeste",44,236,6.9,8178.2085899414
10,44.2950538279215,"Médio","Privado","Norte",36.7,481,5.7,6448.05488174712
11.9,49.1743158218653,"Superior","Autônomo","Nordeste",43.3,248,6.5,7359.82495020674
8.1,41.0168326828418,"Médio","Público","Sul",44,484,8.7,9243.05924725776
13.2,51.2483852301721,"Superior","Autônomo","Nordeste",45.6,623,9.1,11477.4480349435
8.9,42.6851253612833,"Pós-Graduação","Privado","Sudeste",44.3,-38,5.2,6133.57963877156
11.7,49.9472052142196,"Superior","Privado","Sudeste",40.3,368,7.5,8454.64059782652
15.5,55.4470901350683,"Superior","Privado","Nordeste",35.5,593,5.5,8887.62963147676
12.2,50.3542596772455,"Pós-Graduação","Privado","Centro-Oeste",45.5,491,8.8,10351.9417562252
8.4,41.9644201074788,"Médio","Privado","Sudeste",44.7,137,7,7783.55006299048
15.7,56.122274589171,"Médio","Privado","Centro-Oeste",35.2,621,5.7,9650.50964272918
15,54.3555803807761,"Pós-Graduação","Privado","Sul",44.1,490,9.5,12117.0827281734
12.7,50.0328939902627,"Pós-Graduação","Privado","Centro-Oeste",36.7,823,8.1,11344.8336559805
11.2,47.1240866761036,"Pós-Graduação","Privado","Centro-Oeste",37.7,614,2.9,7624.98388610666
6.9,39.8906215035097,"Médio","Público","Norte",38.4,240,4.6,3802.9599681348
16.8,57.8186270788639,"Superior","Privado","Nordeste",48.5,707,4.6,10944.6677273755
7,40.6433237337644,"Pós-Graduação","Público","Centro-Oeste",39.5,386,5,7635.55288768667
20.9,66.629214773949,"Pós-Graduação","Privado","Centro-Oeste",39.1,670,6.6,11865.2953516402
17.7,59.7463580898931,"Pós-Graduação","Privado","Centro-Oeste",42.2,926,5.8,13165.6457986067
8.8,41.8920904694611,"Superior","Privado","Sul",33.1,406,5.8,8053.40453253101
4.9,34.9881054863568,"Pós-Graduação","Privado","Sudeste",33.9,711,2.2,6996.64996276581
6.4,39.5480347972226,"Superior","Autônomo","Nordeste",31.5,-15,2,4085.1245416896
11.3,47.3757391608452,"Superior","Privado","Sudeste",41.3,-301,2,4023.7935288379
8.8,42.5042844518168,"Pós-Graduação","Autônomo","Sul",43.1,-37,5.1,5904.11710397894
8.3,41.8050724048791,"Superior","Público","Norte",40.3,536,4.5,5805.04713796061
5.2,35.4634116980727,"Superior","Privado","Nordeste",43.6,-274,7.8,5159.45068377982
9.8,43.8583355693937,"Pós-Graduação","Privado","Sudeste",42.8,-289,1.7,3049.71065930227
6.1,38.1882911991313,"Superior","Privado","Nordeste",41.1,1166,4.9,8040.40026167168
1.7,27.169475767435,"Pós-Graduação","Privado","Nordeste",46,597,5.8,6519.90684643306
8.1,40.2199196381348,"Fundamental","Autônomo","Centro-Oeste",41.1,581,5.8,5704.22079479537
14.6,53.7845686671202,"Superior","Público","Centro-Oeste",40.5,482,8.1,10953.2966172944
7.1,38.9215590595002,"Superior","Público","Nordeste",39.2,886,1.8,5558.807391073
13,52.0540993475431,"Pós-Graduação","Autônomo","Norte",35.7,428,2.7,7737.77121747909
1.9,28.1769410481162,"Pós-Graduação","Privado","Sul",37.8,727,3.9,NA
9.7,44.2218081777424,"Superior","Privado","Nordeste",32.6,531,5.7,8289.19344917314
12.6,49.8676142947216,"Médio","Público","Sul",38.7,325,2.9,8592.08827093257
11.5,49.6038838307813,"Superior","Privado","Nordeste",42.4,234,1.6,5715.74206354192
10.5,47.4488214607871,"Médio","Privado","Centro-Oeste",35.6,-32,6.6,5504.2496124937
6.8,37.5416003499636,"Superior","Privado","Sul",39,478,8.4,9128.32957695428
5.8,37.0365143383455,"Pós-Graduação","Privado","Sudeste",41,25,4.1,5724.24823622782
4.9,33.5027985261176,"Superior","Público","Norte",31.9,357,4.2,6911.25762237568
10.6,45.3709265697265,"Superior","Privado","Sudeste",37.2,145,3.7,6214.14605146493
5.3,35.0183887576286,"Superior","Público","Centro-Oeste",38.3,530,9.4,8751.53079891122
7.5,39.1526981910681,"Superior","Público","Centro-Oeste",45.3,888,8.3,10330.8328613427
8.7,42.6285932919801,"Médio","Privado","Norte",47.9,791,5.7,7346.19503573413
19.2,63.0868143335555,"Superior","Público","Centro-Oeste",30.3,240,5.5,11288.7642154751
6.7,38.7062021281226,"Superior","Privado","Norte",42.7,-138,9.7,6500.4316048969
11.2,48.6296375572009,"Fundamental","Público","Centro-Oeste",35.5,438,9.8,8341.85080729093
10.4,46.9711029247127,"Superior","Privado","Centro-Oeste",43.6,168,6.7,8954.47524473654
5.2,33.3287113549036,"Médio","Privado","Nordeste",38.2,335,1.2,2610.77265931744
9.6,43.9455882896982,"Superior","Privado","Sudeste",43,596,4.8,7963.7854439975
17.2,59.8763965401021,"Médio","Público","Norte",33.9,474,8.7,8894.55049597576
12.3,50.7648359123802,"Médio","Privado","Nordeste",48,1180,8.6,9779.81448512172
10.2,44.8294845558156,"Superior","Público","Nordeste",40.8,507,6.3,11441.9316588684
7.9,40.92782792864,"Superior","Autônomo","Nordeste",24.3,820,7.3,8104.6896233868
-0.3,26.0320586298891,"Médio","Público","Nordeste",41.7,194,2,2982.23524961267
15.7,56.598993869676,"Pós-Graduação","Privado","Nordeste",52.2,434,3.6,9802.24379536699
2.7,32.2759030678082,"Fundamental","Público","Centro-Oeste",48.3,737,6.2,4791.20251242193
13.7,50.1832448650609,"Pós-Graduação","Público","Sudeste",48.6,703,7.8,12840.5359788709
19.5,66.0338778020607,"Superior","Privado","Sul",35.1,97,6.3,8589.42015355413
2.8,28.2250138583904,"Médio","Privado","Sul",44.5,315,7.6,6007.88900621899
13.5,53.1330827096109,"Médio","Privado","Norte",50.4,498,4.7,6364.07747897344
8.7,43.463223160877,"Superior","Privado","Sul",42.3,450,6.8,7663.1184797955
2.1,28.8200927174448,"Médio","Público","Centro-Oeste",37.2,337,5.6,5324.7557535003
2.4,29.4689994059232,"Médio","Público","Centro-Oeste",43.9,140,4.2,3635.01522810795
2,29.3555480819179,"Superior","Privado","Nordeste",45.2,946,9,7788.71984269188
7.3,39.7698885990355,"Superior","Privado","Sudeste",36.4,732,5.3,7923.96419358927
2.7,30.6392385938248,"Fundamental","Autônomo","Sul",43.8,831,6.9,6419.79996675543
13.4,53.1140065615769,"Fundamental","Autônomo","Norte",36.4,511,8.3,9931.98746882123
20.5,66.2292749767914,"Superior","Privado","Sul",46.3,826,2.3,13362.7912666674
3.6,30.1357446289693,"Médio","Público","Sudeste",42.5,628,8.8,7413.68710726399
13.9,53.2162741895224,"Fundamental","Público","Sul",42.4,467,2.9,8933.33376118533
13.8,52.2772693972322,"Superior","Público","Nordeste",41.1,293,6.6,10359.432174833
11.7,49.2429135292775,"Superior","Privado","Sul",32.4,127,1.1,5401.15250694134
5,34.1250614514847,"Médio","Privado","Sul",44.9,591,2.9,4570.15601060626
9.4,43.5494297862108,"Fundamental","Privado","Nordeste",48.9,795,7.5,7313.95543123464
8.6,40.6621162782528,"Médio","Autônomo","Nordeste",38.9,426,8,7967.82231437708
12.8,49.1164661877827,"Superior","Público","Norte",40.4,228,4.3,9423.39473690067
8.1,39.4552618730073,"Pós-Graduação","Público","Sul",39.8,752,6,8978.5202246357
14.9,54.8242356783729,"Pós-Graduação","Privado","Sul",38.9,180,6.7,8174.32521016763
8.1,38.4583861198482,"Pós-Graduação","Privado","Nordeste",36.9,440,8.9,9132.44974041176
15.3,56.8545086927394,"Pós-Graduação","Privado","Norte",46.2,479,6.3,11223.1125100125
4.8,33.9493788024469,"Superior","Privado","Nordeste",42.6,772,1.5,7127.74062929829
3.7,32.414669756212,"Superior","Privado","Sudeste",42.2,-26,3.3,3151.00148316694
26.2,78.5981015491188,"Pós-Graduação","Privado","Nordeste",43.8,673,3.1,NA
7.9,41.1012190566837,"Superior","Privado","Norte",38.1,207,5.1,7872.61067394733
11.5,48.421688779119,"Superior","Privado","Sul",32.1,398,7.3,8061.86987538848
13.2,50.7633897971658,"Médio","Público","Centro-Oeste",48.6,504,8.5,8945.38298368851
7.6,38.9057416072924,"Pós-Graduação","Autônomo","Centro-Oeste",35.1,498,1.8,6125.22352244547
12.6,50.8415732519823,"Pós-Graduação","Público","Centro-Oeste",40.1,458,3.9,11400.5704917593
11.8,48.3969942203456,"Superior","Privado","Sudeste",47,206,10,8763.1372681007
8.9,42.799961515973,"Superior","Privado","Nordeste",38.8,607,6.6,7630.41819719327
10.3,44.7754053582053,"Médio","Privado","Nordeste",49.2,595,2.8,6160.07195294449
9.8,44.0432905995657,"Médio","Privado","Sul",27.8,353,5.7,6273.2489360759
20.6,63.9085724972372,"Médio","Público","Sudeste",40,674,7.1,11645.2928914735
6.3,35.9476302231909,"Fundamental","Autônomo","Sul",45,946,1.1,5438.59708254712
4.5,32.4287492983602,"Fundamental","Autônomo","Sudeste",42.6,600,1.4,2963.03525969456
10.2,45.2196948753986,"Superior","Privado","Nordeste",40.8,744,1.8,6839.37904037764
11.6,47.1336003354773,"Superior","Privado","Sul",44.6,635,9.9,11202.0976620098
12.2,49.789090532297,"Pós-Graduação","Privado","Norte",42.5,748,2.4,8433.00098364752
7.7,40.4352335986749,"Fundamental","Privado","Sul",40.8,640,7.9,8072.28539637054
4.7,33.9015454845542,"Médio","Público","Nordeste",31,422,8.8,5564.2013575554
16.3,55.9945682855303,"Superior","Público","Centro-Oeste",44.8,603,3.7,9403.80988736993
8.3,40.9290675966466,"Superior","Privado","Sul",42.7,721,2.9,6718.79130956089
5.7,37.2927258999853,"Superior","Privado","Sudeste",39.4,251,6.4,4521.76474388192
8.8,43.076799443153,"Superior","Privado","Sul",31.1,568,3.8,6844.86917742134
9,42.6881325626967,"Superior","Público","Norte",41.2,858,3.1,9161.71540899509
15.5,53.7556411323714,"Pós-Graduação","Autônomo","Sudeste",38.1,306,8.1,10210.1763648779
10.4,45.3137992680583,"Superior","Autônomo","Centro-Oeste",41.9,495,1.4,4363.72349630661
13.8,49.6757088678162,"Médio","Autônomo","Nordeste",38.1,460,7.1,NA
7.5,41.7738426816086,"Médio","Privado","Centro-Oeste",47,896,2.2,4332.52412427356
11.1,47.2337124389773,"Fundamental","Privado","Centro-Oeste",34.7,250,3.2,5160.29299914151
8.4,43.0610659522987,"Médio","Privado","Norte",36.5,538,2.6,3608.10137525433
10.5,45.8260391089124,"Superior","Autônomo","Centro-Oeste",49.6,422,1.1,3811.69300422727
5.5,38.0755491764517,"Superior","Público","Nordeste",32.6,309,8.9,8578.72377062535
3.4,30.9013581640026,"Superior","Privado","Sudeste",34.5,1152,8.2,8719.59533420779
20,65.8379903215016,"Superior","Privado","Norte",45.3,600,7.1,10497.9932569217
13,50.9890563680111,"Pós-Graduação","Público","Nordeste",39.9,821,1,7539.53499534452
3.7,33.1271299081858,"Superior","Público","Centro-Oeste",33.9,662,4.2,5121.98381075121
6.9,37.4747687338673,"Superior","Privado","Norte",45.6,778,8.1,8262.65888858617
4.1,35.4381632268386,"Pós-Graduação","Privado","Sul",39.9,1114,4.6,8630.58899290793
21,67.3024362738772,"Médio","Privado","Centro-Oeste",35.3,518,5.8,10470.2981196548
16.6,57.7032870243619,"Pós-Graduação","Público","Nordeste",41.1,777,8.7,12116.7689399143
8.7,41.2137749904368,"Fundamental","Público","Nordeste",35.7,898,6.2,9445.41391741813
12.7,48.8746583645778,"Médio","Privado","Sudeste",35.1,904,2.4,5993.24912574312
7.9,38.9836629041934,"Médio","Privado","Nordeste",41.1,1337,5.6,10133.5397624588
7.6,38.4824600750981,"Fundamental","Público","Centro-Oeste",41.8,586,7.5,7802.27197388984
6.1,37.2397120497258,"Fundamental","Privado","Sudeste",40.4,518,8.1,8101.41262042541
7,40.1215564693729,"Médio","Privado","Norte",41,577,2.6,3773.56072925154
18.3,61.9539156609501,"Superior","Privado","Norte",37,821,9.9,12676.6781519429
9.7,42.4679050277214,"Médio","Privado","Sul",46.5,796,7.9,8172.81385961062
10.6,46.2857532249551,"Pós-Graduação","Autônomo","Sudeste",39.8,593,6.8,9210.79663355917
11.2,48.9000679494198,"Superior","Privado","Centro-Oeste",31.5,640,9.1,8609.65853978773
16.2,58.4146879281321,"Médio","Privado","Nordeste",41.6,793,9.7,9728.23884025554
7.4,41.6439093294269,"Fundamental","Público","Centro-Oeste",38.7,33,4,3842.40895315144
5,35.4195824622604,"Superior","Público","Centro-Oeste",41.8,893,8.6,NA
18.4,58.5106241514424,"Médio","Público","Norte",40.7,222,7.1,10598.098496161
7.8,41.2423830671142,"Superior","Público","Centro-Oeste",34.6,567,4.9,8673.83840352638
6.4,38.0130936395332,"Superior","Público","Sudeste",34.3,1023,1.1,6119.92914817253
3.8,30.8817112360092,"Médio","Autônomo","Centro-Oeste",35.9,570,2.9,3703.46849004676
3.6,32.0685477653345,"Superior","Autônomo","Sul",45.3,297,6.6,5489.56265083849
7.1,38.5281205286724,"Médio","Público","Sudeste",42.3,376,6,6407.51410260993
13.1,50.7565351057571,"Fundamental","Público","Sul",48.6,484,6.6,8957.65789723256
15.5,56.4712707680913,"Médio","Privado","Centro-Oeste",38.9,196,9.2,9346.71930572415
13.5,51.4081361134003,"Superior","Privado","Sul",41.6,493,7,8681.27637090191
8.2,40.7480841126804,"Pós-Graduação","Privado","Sudeste",45,475,4.3,8102.97555253194
10.3,44.143236147248,"Médio","Privado","Sudeste",46.4,434,9,10143.8795961415
6.5,38.1722846004397,"Superior","Privado","Sudeste",40.5,616,5.4,6882.3224508005
6.4,38.3509655159773,"Médio","Privado","Norte",44.7,479,2.5,4976.2908851733
14.4,54.3717220405896,"Superior","Privado","Nordeste",40.9,359,3.6,8128.80112714544
4.9,35.9891793477304,"Pós-Graduação","Autônomo","Nordeste",42.5,357,9.3,7476.74240146281
19.8,62.2346661849534,"Médio","Público","Sudeste",35.4,333,4,10064.9394393591
9.5,44.0332240411791,"Pós-Graduação","Privado","Sul",39.5,333,2.5,6411.83336849217
11.1,45.8657023191072,"Superior","Público","Centro-Oeste",41.1,345,3,6778.49515693893
6.3,38.208785792744,"Superior","Privado","Sudeste",41.6,295,1.5,4409.71126850696
7.1,39.2800248847271,"Pós-Graduação","Público","Norte",34.8,232,3.3,NA
3.4,30.731271977512,"Superior","Público","Centro-Oeste",43.6,579,9.9,9276.30600910346
9.1,42.8224463358048,"Médio","Privado","Sudeste",42,520,6.7,7483.13525764215
12.1,50.6028806752433,"Fundamental","Público","Norte",41.4,902,8.1,NA
11.6,47.6585580535871,"Superior","Público","Sudeste",35.1,203,1.2,7076.55010075081
6.1,35.4750787522781,"Fundamental","Privado","Norte",43.9,704,8,5310.9320588228
6.1,38.289194837534,"Superior","Público","Norte",38.8,307,9.8,8415.88581855491
7.5,41.1697636050839,"Superior","Público","Nordeste",39.8,604,7.6,7281.35179825384
17.5,59.3928432698986,"Superior","Privado","Norte",36.9,-55,5.8,8325.75997840202
4.3,35.2541228552288,"Fundamental","Autônomo","Norte",43.9,255,4.8,2359.79636139742
9.1,43.0339194336092,"Fundamental","Privado","Centro-Oeste",35.2,881,7.5,9420.6162102776
19.5,62.7259810086081,"Pós-Graduação","Autônomo","Centro-Oeste",39.9,766,8.6,12141.6900392012
9.5,43.6939591422462,"Superior","Autônomo","Centro-Oeste",36,522,7,7416.95178528348
3.2,31.6543404251781,"Médio","Privado","Sudeste",33.6,473,9.3,7244.37536449641
6.7,38.9624711025017,"Superior","Privado","Sudeste",38.9,342,7.1,NA
12.4,50.1851385267307,"Pós-Graduação","Público","Nordeste",30.1,472,1.5,7520.91779053665
8.1,42.4361791545248,"Pós-Graduação","Público","Sul",36.7,289,6.8,6263.04869831187
7.2,39.63093200473,"Médio","Privado","Norte",39.1,320,2.1,4895.91699047342
8.3,42.1167751579492,"Médio","Privado","Sul",38.5,1028,9.2,8584.9746102495
10.5,47.0255791375194,"Pós-Graduação","Privado","Centro-Oeste",40.2,745,3.1,7248.02840328263
18,60.8336864211499,"Pós-Graduação","Privado","Centro-Oeste",35.3,1288,3.3,11123.3816929391
9.6,43.4084329205596,"Médio","Autônomo","Norte",38.9,773,7.3,6670.17222368022
15.4,55.5178477203745,"Superior","Privado","Sul",31,443,9.8,NA
13.2,50.0666340943002,"Médio","Autônomo","Centro-Oeste",43.4,609,1.1,5111.58394153186
9.4,43.8496970129853,"Pós-Graduação","Autônomo","Sudeste",46,571,6.3,9465.66883237517
2.3,30.1037975318251,"Médio","Privado","Sul",38.4,881,4.9,4024.81997329391
7.4,38.7528721652289,"Superior","Público","Centro-Oeste",43.8,399,4,NA
7.6,39.3305294957984,"Médio","Privado","Sul",40,1094,1.7,6606.38523617647
10.2,44.2915812991576,"Médio","Público","Centro-Oeste",35.8,284,9.2,9022.49976043521
16.5,57.9595540417452,"Fundamental","Privado","Centro-Oeste",39.3,453,4.3,6143.53489803668
21.5,69.4165747755072,"Superior","Privado","Sudeste",37.3,462,6.2,12651.0663997465
17.7,59.7673061285488,"Pós-Graduação","Autônomo","Centro-Oeste",30.5,434,1.5,8546.21006733923
9.3,42.9714418058109,"Pós-Graduação","Privado","Norte",40.9,1033,2.3,9173.05173896559
1.2,27.3746738393656,"Médio","Público","Sudeste",42.3,305,8.9,4893.74036888675
8.1,40.224523664287,"Médio","Público","Centro-Oeste",35.2,672,1,5163.31759311746
10.4,46.8149722602066,"Médio","Privado","Sul",37.4,5,4.5,4810.06885166169
14.2,53.0980926933419,"Pós-Graduação","Privado","Nordeste",34.2,172,5.3,9176.32578769904
14.8,55.7310543674245,"Médio","Autônomo","Nordeste",33.2,747,4.8,6757.30494030654
13.4,52.4394515781254,"Fundamental","Privado","Sul",34.4,193,8.5,7547.37692933923
3,31.7949587847163,"Superior","Privado","Nordeste",39.6,508,9.4,7767.66900086192
14.2,51.9208625445033,"Médio","Privado","Norte",39.2,234,2.1,7211.1182411624
7.8,38.9193192811237,"Superior","Público","Nordeste",36.2,388,2.7,5676.78940954462
10.9,46.8589754749152,"Superior","Privado","Sul",37.6,191,1,6805.71640583206
10.4,45.4416959804674,"Pós-Graduação","Autônomo","Sudeste",39.7,483,1.5,NA
12.1,48.8607501457459,"Superior","Público","Sul",42.2,530,8.6,10380.4754107391
10.1,45.0978020869967,"Médio","Privado","Centro-Oeste",38.9,386,3.4,6316.47284563342
1.7,30.0005841393127,"Superior","Privado","Norte",37.9,-92,3.9,3814.10515436478
13.7,51.9381969646085,"Superior","Autônomo","Nordeste",35.1,371,3.3,6547.33380639889
11.9,48.1823764597583,"Médio","Privado","Norte",42.3,-120,1.5,5142.3421259267
8.7,44.0273390350956,"Pós-Graduação","Público","Nordeste",36.3,267,6.7,7371.80269718986
10.6,46.4236554767734,"Fundamental","Privado","Nordeste",33.2,623,5.5,7917.70286359201
10.7,46.6424202079174,"Superior","Privado","Sudeste",47.2,325,4.4,6671.84244415004
11.1,45.9049672990033,"Superior","Autônomo","Sudeste",35.3,146,3.3,5263.594721496
18.2,62.1492416517245,"Médio","Público","Sul",40.7,728,1.7,NA
8.9,43.9686553865313,"Superior","Público","Norte",44.7,64,3.6,6817.41252353379
10.8,47.3142934269359,"Superior","Privado","Norte",42.3,200,4.8,5716.59580082621
15.8,55.450432610496,"Superior","Privado","Nordeste",37.7,603,1.4,9046.68633037572
15.3,57.050374751491,"Superior","Privado","Norte",47.9,-61,7.5,8483.03616623165
15.7,56.1022167253033,"Pós-Graduação","Público","Sudeste",36.9,677,9.2,13218.7073660363
7.1,41.0366111442394,"Médio","Público","Sul",32.7,586,1.8,5542.48470471731
20,65.4647404299479,"Pós-Graduação","Privado","Sudeste",43.2,723,3.9,10215.0660152273
10.3,46.0162792504242,"Superior","Privado","Sudeste",43.4,801,8.6,9744.04703597162
19.3,65.6076740173244,"Superior","Autônomo","Norte",44.3,110,7.2,9806.78532390615
3.2,32.6083343316143,"Médio","Privado","Norte",35.5,457,7.8,4877.5218676643
10.1,45.6606900154139,"Médio","Autônomo","Norte",37.9,-59,9.3,4520.09699632622
16.2,56.6139364400689,"Médio","Autônomo","Nordeste",52.9,838,9.4,10543.9388863645
6.4,38.7016340408718,"Médio","Autônomo","Nordeste",38.8,959,1.9,5453.61316163962
6.2,38.1687155819508,"Superior","Privado","Sudeste",44.9,903,4.3,8124.73317671393
5.3,35.0868420175009,"Pós-Graduação","Privado","Sudeste",39.5,492,4.6,7646.46881849803
4.7,34.1808393461003,"Fundamental","Autônomo","Nordeste",37.5,448,7,6015.68573113938
7.8,40.3248565490286,"Pós-Graduação","Público","Norte",29.1,422,8.6,9042.83551932316
11.7,46.7562284929306,"Pós-Graduação","Autônomo","Sul",34.3,800,2.7,7794.62596734675
-0.1,25.4782662504892,"Superior","Autônomo","Nordeste",31.5,314,1.4,1496.41273811667
11.1,45.7113905089688,"Médio","Público","Sudeste",34.2,244,4.6,7851.62716546604
16.2,57.7454580049783,"Médio","Privado","Centro-Oeste",42.9,629,8.9,9712.4837046628
20.2,63.8534525044623,"Superior","Público","Norte",43.6,243,2.3,10117.6684379225
16.5,58.9564136291269,"Pós-Graduação","Privado","Norte",39.7,449,7.4,11659.0916423259
13.8,53.4223787506678,"Pós-Graduação","Privado","Sul",36.5,709,8.7,11399.3525871739
1.4,29.6724581749644,"Superior","Autônomo","Sudeste",42.4,1048,2.1,4927.5115205551
7,37.8141711141987,"Pós-Graduação","Público","Norte",35,214,1.7,5513.7374488353
8.2,42.3548997969885,"Superior","Público","Sul",39.1,231,1.1,4298.02975244265
13.5,51.7845751422114,"Médio","Privado","Nordeste",39,316,7.6,7904.80465993943
9.5,44.215958394156,"Pós-Graduação","Público","Centro-Oeste",48.6,1079,1.6,8081.64632788631
3.7,31.9858356665217,"Médio","Público","Sudeste",44.6,681,3.2,5465.34073872056
18.4,62.2150462688502,"Superior","Privado","Norte",35.8,624,5.5,10486.0199260524
14.6,53.0886551763131,"Superior","Privado","Norte",43.2,248,2.3,7058.61314480777
11.2,46.4978688877228,"Médio","Autônomo","Sudeste",36.2,96,5.3,6314.14918466443
16.1,58.0206069535676,"Superior","Público","Sudeste",38.7,667,9.4,13704.0618380343
3.3,28.7138508750151,"Médio","Privado","Norte",43,1082,1.1,4839.12445536336
13.3,51.3272269354355,"Médio","Público","Sudeste",28.1,320,5.9,8580.3074709335
7.4,39.3559694934853,"Superior","Autônomo","Sudeste",41.5,321,9.6,6910.80246831045
13.4,52.5465111101552,"Fundamental","Autônomo","Nordeste",37.3,853,6.7,8603.84606187569
9.7,44.830621324669,"Superior","Privado","Nordeste",36.6,1057,6,9172.41089998487
13.2,50.0457421539926,"Médio","Autônomo","Norte",30.9,-172,6.2,6421.83743894179
16.7,59.8828803594409,"Médio","Autônomo","Nordeste",40.6,502,1.7,NA
10,46.0557282438841,"Superior","Privado","Sul",35.3,512,7.7,8634.37976592394
15.1,56.6377351509721,"Superior","Autônomo","Sudeste",48.3,685,2.2,8536.21844319649
4.1,32.2271001869886,"Fundamental","Autônomo","Nordeste",41.5,666,9.4,5895.76508777765
6.4,39.7046176926935,"Pós-Graduação","Privado","Sudeste",35.2,390,8.2,7879.4703165268
17.6,61.4056219963168,"Superior","Privado","Nordeste",42.2,1002,5.7,9660.84963812926
11.9,49.9567976037793,"Fundamental","Autônomo","Nordeste",40.3,58,3.9,6075.34659304263
-0.3,23.1898268162377,"Pós-Graduação","Privado","Nordeste",45.5,469,9,7397.56453563996
3.2,31.3319707682519,"Médio","Privado","Norte",46.3,438,9.3,6158.28293956663
9,43.1882786190443,"Pós-Graduação","Autônomo","Sul",34.9,-125,1.1,5894.60514014268
14.3,52.2314920304364,"Médio","Autônomo","Sudeste",41.8,1564,2.4,8784.61627255058
9.5,43.7985295377021,"Superior","Privado","Centro-Oeste",35.5,843,7.6,10499.9980633661
13.1,51.9775012473493,"Médio","Privado","Centro-Oeste",40.8,810,7.1,9734.38999480866
14.8,54.9149032384112,"Médio","Público","Sul",45,521,7,11900.6598886121
18.4,62.0412647764063,"Pós-Graduação","Autônomo","Sul",46.1,665,8.7,13529.4038935127
10.3,47.0468059348377,"Superior","Privado","Nordeste",34.8,276,6.1,8032.78440618715
9.7,43.6453755467008,"Médio","Público","Norte",37,112,2.9,6048.21948542962
1.2,28.1930903777044,"Médio","Privado","Norte",30.7,897,6,5571.17679794619
10.5,47.0676292403501,"Médio","Autônomo","Sul",43.5,708,6.7,8426.74786617251
7.1,37.8928793283259,"Pós-Graduação","Privado","Nordeste",43.6,542,3.9,7811.03621807256
5.1,33.2093121550447,"Pós-Graduação","Privado","Sudeste",43.1,535,3.1,7368.94340703602
9.1,44.1605748050772,"Pós-Graduação","Privado","Nordeste",41.4,413,3.4,6714.05110135004
15.1,54.9492840868665,"Superior","Autônomo","Centro-Oeste",41.6,731,9.4,12944.6496570316
0,27.3952013252532,"Superior","Privado","Sul",37.9,541,8.8,5865.32913681045
7.9,41.1186343635522,"Fundamental","Privado","Norte",36.3,421,7.3,5230.84246186941
10.6,46.1724649665894,"Fundamental","Público","Sul",38.4,674,4.8,9130.95079818933
5.5,34.2690819613626,"Médio","Público","Norte",51.6,368,6.8,5372.5784932775
11.7,47.590602554218,"Pós-Graduação","Público","Norte",41.4,570,8.9,11242.2654444666
12.1,47.8213001343627,"Médio","Público","Nordeste",38.4,705,6.8,8469.9800952135
9.8,47.4487440332963,"Superior","Público","Norte",41.5,558,4.1,9127.69461718973
-2.3,19.120369719695,"Superior","Autônomo","Nordeste",37.8,31,2.3,2056.68619310485
22.9,71.4213930952275,"Médio","Privado","Centro-Oeste",46.5,479,2.4,8712.65408471369
9,44.3414942424409,"Médio","Privado","Nordeste",44.3,495,6.9,8015.45326013255
13.3,51.2761882778887,"Fundamental","Autônomo","Centro-Oeste",30.2,369,9.3,NA
11.4,47.9443834708671,"Médio","Público","Nordeste",37.1,596,9.7,NA
15.1,54.1181472160692,"Superior","Autônomo","Norte",32.8,713,5.1,10228.3227583436
14.1,53.1940226579265,"Superior","Privado","Sudeste",40,828,4.4,8853.4628373668
9,42.6389943159108,"Superior","Privado","Nordeste",39.9,406,9,8916.48576909554
11.9,48.0466554617966,"Superior","Público","Sul",44.1,394,8.9,7845.41420204992
5.3,36.196977086487,"Pós-Graduação","Autônomo","Nordeste",34.2,203,2,3870.57945851516
14.3,52.767260629314,"Pós-Graduação","Privado","Centro-Oeste",33.7,786,2.9,10018.6094127798
7.7,38.8549753242817,"Médio","Privado","Sudeste",38.6,585,6.8,7937.85094256218
22.1,70.0229902373512,"Superior","Privado","Nordeste",32,248,1.2,9382.24680674679
1.7,28.6019979050935,"Superior","Privado","Sul",44.3,750,4.4,5757.65700693794
7.7,38.7771517134321,"Superior","Privado","Nordeste",37.8,271,3,6354.37160057036
14.1,52.4961771223695,"Pós-Graduação","Privado","Centro-Oeste",33.2,650,9.8,10581.4339430765
12.6,51.0512460998956,"Superior","Privado","Nordeste",38.2,947,1.3,7171.93598935386
7.1,38.2024876982306,"Superior","Privado","Sul",43.4,469,9.1,7497.71671572682
5,35.7748947949329,"Médio","Privado","Centro-Oeste",46.3,768,3.2,5400.40328590829
10.7,46.0725254026528,"Superior","Autônomo","Sul",46.8,344,7.4,8261.52806420557
9.9,43.3820429591765,"Superior","Público","Norte",42,770,3,8770.71274864068
1,27.4708003621995,"Superior","Público","Norte",42.1,572,3.8,5735.82153789138
10.2,42.9110963860941,"Pós-Graduação","Privado","Sudeste",42.9,241,4.4,8690.66628070577
11,46.3531601484483,"Pós-Graduação","Público","Sul",50.1,440,8.5,12408.662961778
10.9,46.714015799086,"Superior","Público","Sudeste",34.6,842,1.9,6826.46375520476
4.7,34.650921910489,"Médio","Privado","Nordeste",42.4,269,7.9,6000.1652626475
12.4,50.0570036797555,"Superior","Privado","Sul",38.2,433,9.5,9232.70683094136
16.9,58.9145748622952,"Médio","Público","Sudeste",46.1,269,1.7,9043.82076743227
12.3,50.9849602587494,"Superior","Público","Nordeste",48.8,612,4.5,9856.86172500536
4.3,35.3146308157218,"Fundamental","Público","Nordeste",30.9,643,8.9,8395.64883104977
7.8,42.4319449213154,"Superior","Privado","Norte",31.7,519,3.4,4712.00985224284
11.7,47.0886871359433,"Superior","Autônomo","Sudeste",37.3,392,8.2,8929.43211413716
6.8,37.7935386992069,"Superior","Privado","Norte",39.8,-69,5.4,7016.9907653072
-0.8,22.1413181547856,"Superior","Privado","Norte",36.3,428,4.8,3236.43342660179
14.4,53.381554328891,"Médio","Público","Norte",38.3,845,9.4,10305.1548007088
5.9,37.1053405812212,"Superior","Autônomo","Centro-Oeste",36.5,282,9.9,7191.06600388162
7.1,39.3870617967692,"Médio","Público","Norte",50.4,1083,7.3,8378.521218794
17.5,59.7688075908359,"Médio","Privado","Norte",35.7,689,8.5,11442.8472263341
6.1,37.0446985733165,"Superior","Privado","Nordeste",38.8,429,7.2,6651.89845607743
14.2,52.9819162595768,"Fundamental","Autônomo","Sul",39.1,960,3.7,7955.15769956592
3.7,31.5393503913514,"Superior","Privado","Nordeste",46.1,888,1.6,4129.19953053583
8.2,40.6663529320949,"Pós-Graduação","Privado","Centro-Oeste",37.3,411,8.4,9020.81370648549
9.6,43.3709487086938,"Superior","Privado","Centro-Oeste",33.6,685,6.1,8961.65120265758
4.2,32.8927889220456,"Superior","Público","Sul",45.7,843,6.9,7108.53682098714
6.8,37.2054590057735,"Médio","Autônomo","Sul",46.8,240,1.8,5085.03863451839
9.9,46.0328758681232,"Pós-Graduação","Público","Nordeste",31.2,595,4.9,7789.50558052035
13.4,53.7511169904929,"Superior","Privado","Sul",38.6,482,9.3,10477.6518951335
1.7,27.0911156431564,"Superior","Privado","Sudeste",39.5,227,1,3072.04391452338
8.3,42.8555209348777,"Superior","Autônomo","Sudeste",39.8,1093,8.7,8698.52767347444
13.8,52.713244143952,"Superior","Autônomo","Centro-Oeste",37.9,532,4,7464.48628542348
7.3,39.6267545458181,"Pós-Graduação","Privado","Sul",35.6,382,7,8603.32440337569
11.1,47.2584569654179,"Pós-Graduação","Público","Norte",45.4,711,5.6,9983.75949151396
12.5,50.4571536504502,"Médio","Privado","Centro-Oeste",38.4,873,7.5,8992.33195533495
11.3,47.7027136553644,"Pós-Graduação","Público","Nordeste",39.9,746,7.9,11931.3454657106
13.3,50.739083134334,"Superior","Autônomo","Sudeste",36.2,841,2.7,8563.29297820349
9.4,43.9380999332424,"Superior","Público","Sudeste",44.7,-389,6.7,6471.47055300744
7.9,41.6745396270621,"Superior","Autônomo","Norte",37,531,3.1,5980.60728016345
-3.2,18.3640904603939,"Superior","Autônomo","Nordeste",41.2,430,6.3,2350.65398441759
9.5,42.7755793446427,"Superior","Privado","Norte",45.1,280,9.5,9135.3422697386
12.2,47.7486973138544,"Pós-Graduação","Público","Nordeste",38,789,9.4,14308.3053282845
12.7,51.0227056351297,"Superior","Privado","Centro-Oeste",31.1,368,1.9,6326.17869733906
7.2,39.3360786956707,"Médio","Autônomo","Sudeste",40.2,270,5.3,4407.16395709558
18.9,62.2067568869134,"Superior","Público","Norte",33.7,519,6.4,12935.6833422749
11.4,48.0256033635225,"Pós-Graduação","Privado","Sul",48.2,538,2.3,8460.91951335668
10.6,45.5040069974971,"Médio","Autônomo","Centro-Oeste",43.5,998,3.7,8712.85708503787
16.4,57.717631412425,"Superior","Público","Norte",39.1,258,3.8,9767.63988007876
6.4,38.0858760830754,"Pós-Graduação","Privado","Nordeste",39.1,877,5.4,8435.58309836781
7.7,38.3611070255067,"Pós-Graduação","Público","Norte",43.2,602,4.8,9291.74522548166
22,68.0156794718859,"Médio","Privado","Sudeste",46.8,264,8.1,10178.5405172653
10.1,43.8783632224238,"Médio","Autônomo","Centro-Oeste",40.7,697,3.5,6587.78797894908
18.2,60.1626901430783,"Médio","Privado","Nordeste",43.8,453,7,10332.5428775221
2.8,32.1525020717048,"Superior","Privado","Sul",40.5,702,1.3,6136.35132133397
9,44.1836040503004,"Médio","Privado","Nordeste",46.6,873,9.8,9973.27168528535
11.9,49.5643355234213,"Médio","Público","Sudeste",51.5,819,7.5,11507.7492179411
11.5,47.6292166557372,"Pós-Graduação","Privado","Sul",34.7,789,8.3,10532.2616398678
5,36.1845286131042,"Médio","Privado","Sudeste",33.9,178,8.1,4403.26095254767
10.1,43.9788561186065,"Médio","Privado","Sul",29,26,5.4,4642.95907428299
4.6,32.2040259530045,"Pós-Graduação","Autônomo","Sudeste",41.5,650,3.1,4685.60471843988
13.6,49.172954281236,"Médio","Privado","Sul",36.4,119,1.1,3551.96475248409
15.4,56.0273135443811,"Superior","Privado","Sul",45.5,417,7,9472.61484895347
-1.1,22.8364706090666,"Superior","Privado","Nordeste",30.1,726,5.2,4182.50336664248
16.2,56.609908533356,"Pós-Graduação","Autônomo","Nordeste",41,1012,4.4,12166.1853560595
3.8,33.08915850008,"Médio","Privado","Nordeste",42,642,7.9,4569.88987538581
12.3,49.6423672998562,"Médio","Público","Nordeste",32.7,437,4.5,7691.2204349022
13.3,51.297441448173,"Superior","Privado","Nordeste",29.2,814,4.4,8471.28775727148
9,44.2742216233878,"Médio","Privado","Sudeste",41.4,49,7.5,6680.33726199045
6.8,40.0399487710622,"Médio","Público","Sudeste",32.4,335,9.3,8174.44150104669
10.8,47.6424253677099,"Superior","Autônomo","Nordeste",34.5,224,7,6545.95720590278
12.2,49.9965906808655,"Médio","Privado","Sudeste",37.3,535,6.5,7613.88071442985
14.4,52.7985346478734,"Superior","Privado","Sul",43,340,3.5,7814.19260096958
-0.3,24.1516734836026,"Médio","Privado","Nordeste",33,193,5.2,1605.15537021433
1.8,28.5555944267105,"Médio","Público","Sul",35.3,219,3.1,3455.70339372654
17.2,59.5495857834549,"Superior","Privado","Sudeste",32.5,363,2.4,7797.87499846091
15.2,56.5179133820387,"Superior","Público","Sul",38.3,449,7.4,9947.00769777055
12.2,47.9805294875593,"Superior","Público","Norte",35.8,744,1.3,7180.3683663205
13.6,50.8443809353158,"Médio","Público","Nordeste",47.5,411,2.4,7511.23826177703
14.6,54.1399540399954,"Médio","Privado","Sudeste",40.7,734,1.9,7373.83732612644
-3.3,16.9290924079398,"Médio","Privado","Centro-Oeste",49.5,953,3.2,2665.45062890891
15.6,57.3167059638452,"Fundamental","Privado","Nordeste",38.2,457,9,11174.7503999446
7.6,40.0318533902455,"Superior","Privado","Sul",43.8,679,9.3,7929.33090916871
11.2,44.7071987507729,"Superior","Privado","Norte",39.3,535,8.4,9423.46442715923
8.5,41.7615209091854,"Médio","Privado","Norte",37.2,641,6.1,NA
14.4,54.0114111325149,"Superior","Privado","Sudeste",47.5,788,7.7,11654.8895974316
8.3,40.8287494019069,"Fundamental","Privado","Nordeste",46.7,1161,4,8619.38837594059
12.6,48.9341903432079,"Médio","Privado","Centro-Oeste",37.3,365,3.2,3883.8766028787
8,41.013026188747,"Médio","Público","Nordeste",33.4,817,2.1,5668.97364784658
4.5,35.223885485643,"Superior","Privado","Nordeste",40.9,145,6.8,3724.68475098613
16.1,56.7205377776439,"Superior","Privado","Nordeste",48.8,475,7.9,12538.1371464881
13.7,53.5103089886686,"Médio","Público","Norte",45.5,138,4,7293.23514832796
18.6,63.6012035519049,"Superior","Privado","Centro-Oeste",29.5,885,3.6,10621.2203319939
10.3,44.3359373725491,"Médio","Privado","Norte",29.4,363,9.2,7908.57329909123
15.6,57.0656131523375,"Pós-Graduação","Autônomo","Sudeste",40.9,367,5.8,7792.04265252586
19.9,64.6920194350548,"Superior","Autônomo","Sul",45.3,389,8.8,9994.65717261347
8.6,42.4457619032557,"Superior","Público","Norte",39.2,845,8.9,11193.3444693897
3.4,33.5551962566613,"Pós-Graduação","Privado","Sudeste",37.1,-106,4.8,4603.51545525302
8.8,43.5804950748102,"Superior","Autônomo","Norte",48,733,4.7,6684.59321072782
8.9,42.3175428751246,"Pós-Graduação","Público","Sudeste",49.6,232,1.8,5381.55554510383
10.8,45.0991682650677,"Superior","Autônomo","Centro-Oeste",40.7,435,8.6,NA
18.6,62.5631139099995,"Pós-Graduação","Privado","Centro-Oeste",39,440,10,11517.8970169172
8.4,42.3275726615037,"Pós-Graduação","Privado","Nordeste",41.5,839,2.1,6935.85047802108
11.9,50.0135744126534,"Pós-Graduação","Público","Norte",38.3,419,6.7,10530.4630032813
8.9,44.2293983334596,"Superior","Privado","Nordeste",35.6,778,1.4,5360.4504807237
10.1,45.4154588527957,"Superior","Público","Centro-Oeste",32.1,455,7.3,7683.75062088399
11.6,48.367552997983,"Fundamental","Privado","Sul",37.8,485,6.7,9544.41020627508
16.6,58.6407239406717,"Superior","Autônomo","Nordeste",43.3,331,4.3,8026.66779829764
10.6,47.2834462629558,"Fundamental","Público","Norte",49.5,647,8.9,11331.4983565282
13.6,52.367405046591,"Médio","Autônomo","Sul",39.6,753,7.7,8551.56168038657
13.9,52.4109474034661,"Médio","Autônomo","Nordeste",43.6,530,3.7,NA
14.6,53.145818268886,"Pós-Graduação","Privado","Sul",43.5,437,7.2,10851.1019329332
7.1,39.2136392328018,"Superior","Privado","Sudeste",42.4,214,4.6,4674.46582651961
18.1,61.1847229983668,"Superior","Privado","Sul",40,-69,7.7,8901.88900764163
8.1,41.2004187241752,"Médio","Privado","Sudeste",40.2,396,8.4,8950.36220418339
9.5,43.6058370283966,"Superior","Privado","Sudeste",42,147,6.1,7013.24020813503
17,58.4089975155642,"Médio","Autônomo","Sudeste",38.9,841,3.9,9860.14909044982
16.5,58.9259726906967,"Superior","Autônomo","Sudeste",34.7,116,2.3,5321.88946464217
4.6,34.0565296404318,"Pós-Graduação","Privado","Sul",36.5,869,2.2,7109.93424645131
5.6,37.7585374038404,"Fundamental","Público","Centro-Oeste",45.5,801,1.2,4913.71363664389
3.2,30.6170556825379,"Médio","Autônomo","Nordeste",37.8,311,2.8,2715.80160371043
10.9,44.9560527265311,"Superior","Privado","Norte",38.8,49,7.3,7235.66470090328
10.8,46.4400274266183,"Fundamental","Público","Sul",47.9,324,4.9,7211.34253900999
11.8,49.511943974044,"Médio","Público","Norte",42.7,819,2.2,7722.06359540367
12.8,50.446519927927,"Pós-Graduação","Privado","Norte",36.7,436,1.5,5546.09648288165
7,37.4211383089169,"Médio","Privado","Centro-Oeste",46.8,180,8.8,5862.26749610373
5,34.4173295986321,"Médio","Público","Nordeste",41.2,136,8.1,6714.07945231312
15.1,55.1609613946704,"Superior","Autônomo","Sudeste",41.5,880,2.8,8761.97171442
13.8,53.9043064867744,"Superior","Público","Sul",44.1,703,7.5,11053.338703294
2.5,31.1233024379736,"Médio","Autônomo","Norte",40,604,1.5,2448.75636689616
9.5,44.8111161227817,"Superior","Privado","Nordeste",39.8,677,8.2,10255.6331395734
5.5,36.4713821176825,"Superior","Privado","Centro-Oeste",41.5,1024,5.4,7654.8426738288
-0.4,23.3863996389852,"Superior","Privado","Sul",38.3,474,9.5,6133.02637492623
10.8,47.4111522115513,"Pós-Graduação","Público","Norte",38,636,7.5,10998.9972515422
9.6,45.4184010856262,"Pós-Graduação","Privado","Sul",44.7,616,8.5,11888.390869223
9.5,44.742200100646,"Superior","Público","Sudeste",43.6,511,8.2,10049.9318225058
11.1,48.3765431220518,"Pós-Graduação","Privado","Nordeste",40.3,427,9.3,10965.466133356
14.4,54.1041072999828,"Superior","Autônomo","Nordeste",45,434,6.9,8408.86903930218
11,48.0185514450334,"Médio","Público","Centro-Oeste",31.7,476,4.3,7115.89288035611
6.9,40.2035685777629,"Superior","Privado","Sudeste",32.2,426,6,6045.42709716489
6.3,36.6317163985344,"Médio","Autônomo","Norte",39.3,245,8.9,7040.02668366837
9.3,45.1191319207164,"Médio","Público","Sul",39,660,4.9,7472.28307089502
11.6,48.9648682995558,"Médio","Autônomo","Sul",45.1,639,1.8,6464.99986225063
4.8,35.3053717603426,"Superior","Privado","Norte",38,306,4.2,7756.23767384325
9.1,43.273547769928,"Superior","Privado","Norte",32.6,330,7.6,7081.72601763663
14.8,53.6449874740177,"Superior","Privado","Sul",41.1,608,9.6,11770.769907607
9.5,42.7499101950891,"Superior","Público","Sudeste",35.4,703,9.6,9551.59446944837
6.5,38.3026970416175,"Médio","Público","Sul",44.6,835,4.8,6388.43959066857
8.6,42.0556643634268,"Superior","Privado","Sudeste",32.7,769,9.8,10697.8538570189
15.6,57.2650297720739,"Superior","Privado","Centro-Oeste",29.9,1054,4,9823.26865401306
12.8,50.5836794642308,"Médio","Autônomo","Sul",39,141,6.5,7127.12567042194
16.2,57.0289134977667,"Médio","Privado","Norte",36.3,620,6.1,8396.77467810655
10.7,47.9113711153913,"Médio","Público","Centro-Oeste",49.7,1137,8,10265.2763959999
12.1,48.9346572667043,"Médio","Privado","Norte",35.4,1053,2.5,6509.27723266862
7.2,38.7255398888767,"Fundamental","Autônomo","Nordeste",39.2,351,2.3,4602.39169793908
13,51.6715592775152,"Fundamental","Público","Nordeste",41.6,573,3.1,6722.07124872795
7.5,41.5032201639246,"Fundamental","Privado","Norte",43.7,609,1.6,4316.89396734917
2.9,29.8231263850672,"Médio","Público","Norte",37.6,510,7.5,5863.33950456827
10.6,45.9267830445706,"Pós-Graduação","Público","Sul",47.3,224,5.5,8868.52288233633
19.7,64.0546664197119,"Fundamental","Privado","Centro-Oeste",34.9,373,1.9,7432.08855656739
14,53.0327947685765,"Superior","Público","Centro-Oeste",44.3,850,6.5,9812.58726974479
15.8,56.9311783392115,"Médio","Privado","Norte",42.1,1112,2.2,8988.98131473904
11.8,49.3300686247158,"Superior","Autônomo","Sul",34.5,589,5,8592.40363875541
7,40.0470649348917,"Médio","Privado","Centro-Oeste",39.7,127,8,7477.29151191995
9,42.270357829719,"Pós-Graduação","Privado","Sul",47.2,-423,2.9,3366.65905373231
8.6,42.1860396607725,"Superior","Público","Sudeste",36.7,530,9,10965.4729792925
7.7,41.1876060436608,"Superior","Autônomo","Centro-Oeste",36.7,375,2,3878.64822260278
13.5,51.4055225169897,"Superior","Público","Centro-Oeste",45.3,253,1.6,7401.14227143477
4,33.4563188290766,"Pós-Graduação","Privado","Sul",37.9,-7,8.4,NA
14.3,55.344184094125,"Superior","Público","Norte",39.2,890,7.7,13033.1402719563
14.3,52.2574893191334,"Médio","Privado","Norte",44.3,334,8.6,9224.89359442509
4,33.7242091668135,"Pós-Graduação","Privado","Sudeste",40.9,221,7.5,6455.36584835716
13.2,51.327773207261,"Superior","Público","Norte",37.6,779,4.9,10363.5626226672
22.2,68.3988166238059,"Superior","Privado","Norte",47.5,721,5.4,15028.7492254519
7.2,39.6633128880696,"Superior","Privado","Sul",37.8,603,9.6,8080.69468589564
14.2,53.3505326363433,"Pós-Graduação","Privado","Nordeste",44.1,435,4.6,9522.2798241883
6.1,36.1762368448598,"Médio","Privado","Norte",43.2,424,5.6,5693.45624964113
15.6,56.2198757838998,"Superior","Privado","Sudeste",37.9,603,4.2,9294.49454424027
11.2,47.9844478308716,"Superior","Autônomo","Centro-Oeste",52.8,375,8.5,10010.0894707995
18.3,61.4024721759412,"Superior","Privado","Nordeste",38.6,339,9.7,11712.1070979069
2.7,32.1974935472243,"Médio","Autônomo","Norte",31.4,941,3.3,4051.96127053265
9.7,45.9628134299031,"Médio","Privado","Norte",39.1,180,8.5,7201.34210837287
7.4,39.0487375348086,"Superior","Autônomo","Sudeste",41.6,199,7.5,6110.87969014996
9,44.3784108269289,"Superior","Privado","Sudeste",45.1,187,8,9506.67398747226
6.9,40.0614684767112,"Fundamental","Privado","Centro-Oeste",43.5,325,7.7,8066.10514112959
5.8,35.9525929702355,"Médio","Privado","Nordeste",37.2,671,5.4,5089.71552899101
12.9,52.3688901797481,"Médio","Público","Sudeste",50.6,409,6.5,6759.33173623214
4.6,35.8657579035288,"Superior","Privado","Sul",48.4,297,7.9,8535.62053443998
17.4,60.4261831083165,"Superior","Público","Sul",37.4,398,8.8,12212.7267040927
4.1,34.0921243622772,"Médio","Privado","Sudeste",31.8,633,7.9,4612.71813890852
10.5,44.9873849037289,"Superior","Privado","Norte",36.2,335,5,6501.89703501695
12.7,52.2641181379325,"Médio","Privado","Sudeste",42.9,833,7.5,8034.5508594747
12.9,50.2063368085038,"Superior","Público","Nordeste",36.8,347,1.2,7444.29711519766
8.5,41.6394413806701,"Médio","Público","Norte",44,405,2.8,5623.2144876328
10.4,46.311570775289,"Fundamental","Privado","Sul",35,598,4.3,7858.63792597405
14.8,54.703141817684,"Superior","Privado","Norte",33.8,247,3.7,9564.82831776182
2.7,32.083084081701,"Superior","Privado","Nordeste",43.1,264,8,NA
6.1,36.4651332943588,"Superior","Privado","Centro-Oeste",40.5,640,1.3,5312.26221543015
11.6,47.6622430119113,"Médio","Público","Nordeste",38.3,-25,1.3,6174.9448154461
7.8,40.8632651922957,"Superior","Privado","Sul",39.3,104,1.8,3832.06100658686
16.9,59.3635870783084,"Médio","Privado","Nordeste",38.1,781,1.4,7138.44279116985
13.4,54.7289007376547,"Superior","Público","Sudeste",30.4,537,10,11002.0310253892
10.4,44.4999733191144,"Superior","Privado","Nordeste",33,313,5.6,7246.99521675025
2.5,31.1167486881705,"Superior","Privado","Norte",43.6,602,6.3,NA
10.1,46.0895792749585,"Médio","Privado","Centro-Oeste",43.2,911,5.9,8313.75582028582
8.4,42.9027338631023,"Médio","Autônomo","Norte",53.6,740,4.4,5666.7832146485
9.5,42.7309538390573,"Fundamental","Público","Nordeste",32.5,581,9,10113.6430328584
4.1,33.5638932091279,"Médio","Público","Centro-Oeste",38.1,603,6.6,6051.81121178549
12.5,49.5042097055386,"Superior","Público","Nordeste",39.8,481,5.3,8857.14898056913
4.8,32.8468534334056,"Pós-Graduação","Público","Centro-Oeste",42.8,205,1.5,5319.9114416243
8.9,41.8977845474366,"Superior","Público","Centro-Oeste",34.7,703,7.2,10753.6433859207
11.9,47.7560172348648,"Médio","Autônomo","Sudeste",41.1,462,2.6,6502.47314871583
6.1,38.8377148021251,"Pós-Graduação","Privado","Norte",36,78,6.5,6545.44158615073
12.9,50.0922631514474,"Pós-Graduação","Privado","Sul",40,320,9.9,11525.8524423251
3.4,32.6979758105261,"Superior","Autônomo","Sul",32.1,385,7.9,NA
-4,17.6059251775146,"Superior","Privado","Centro-Oeste",35.5,715,6,5283.63941852588
12.3,48.8052836520534,"Médio","Autônomo","Norte",36.2,838,8.4,9157.22561493919
14.2,53.9381719741155,"Superior","Privado","Sudeste",42,177,6,6945.1789270845
8.6,42.7563734742341,"Pós-Graduação","Público","Nordeste",45.8,680,1.8,7072.20477548241
12.5,48.8474705809732,"Pós-Graduação","Público","Norte",35.6,573,9,11044.1026396977
4.2,34.1251206546891,"Médio","Público","Norte",35.5,296,3.2,5737.12575823665
9.4,43.7945604921502,"Médio","Privado","Norte",39.7,282,1.4,2382.10486560505
0.3,25.3605700605894,"Pós-Graduação","Público","Centro-Oeste",38.2,134,8.4,6026.0296334863
15.9,55.9146784733429,"Superior","Privado","Nordeste",40.2,764,8.3,10427.6433200892
19.3,63.4259389567045,"Superior","Público","Sudeste",37,642,1.1,10161.9985476641
15.4,54.7151484443466,"Superior","Privado","Sul",37.5,189,6.7,9149.17404612329
9.9,44.7760105239341,"Pós-Graduação","Público","Nordeste",37.4,392,1,7955.99081177486
9.8,44.4672466319618,"Pós-Graduação","Público","Norte",39.2,190,1.8,7723.32481874363
2.4,29.5547100529462,"Pós-Graduação","Público","Sudeste",40.2,532,6,7791.19905508497
14,54.113700605436,"Superior","Privado","Norte",43.2,983,2.5,10705.7746622188
8.9,42.1808922176259,"Superior","Público","Sul",41,489,5.6,7232.72403251383
6.7,38.2676751969985,"Médio","Autônomo","Nordeste",42.2,782,1.9,4289.69870483121
2.9,31.6638479759577,"Pós-Graduação","Privado","Nordeste",35.3,1063,4.3,7831.71259540942
8.5,43.3209749988548,"Médio","Privado","Norte",39.7,1185,3.7,6571.33863773771
5.8,36.4957612451057,"Superior","Autônomo","Sudeste",40.8,106,8.2,5062.18336537623
8,41.0652536747367,"Superior","Privado","Centro-Oeste",34,328,7.8,7863.47715359055
3.9,33.899134416359,"Superior","Privado","Centro-Oeste",36.2,628,9,8268.5282676536
18.4,62.1198355608666,"Superior","Público","Sudeste",37.5,653,5.9,11013.8503170891
9.9,45.1318269543054,"Médio","Privado","Norte",40.1,495,8.6,5224.05290160912
15.4,55.5399617096439,"Médio","Privado","Norte",28.8,892,1.3,6375.04918835449
-3,19.0998192539386,"Médio","Privado","Centro-Oeste",46.7,316,4.9,1018.54299936838
7.7,40.4072407168808,"Médio","Público","Centro-Oeste",41.6,473,9.5,7786.5651506222
6.6,38.776012131182,"Médio","Público","Sul",43,689,5.4,6573.98263495446
3.9,32.6546787493707,"Pós-Graduação","Público","Sul",42.4,766,4.1,8381.95409710934
17.7,60.0928111620815,"Fundamental","Autônomo","Sudeste",41.1,1036,6.6,9169.69922050265
2.9,30.7250203264381,"Médio","Público","Sudeste",27.3,479,3.6,3749.98862969831
11.6,47.7407800989251,"Médio","Público","Nordeste",40.2,297,1.2,5113.60524614103
14.2,54.9481061485491,"Superior","Privado","Nordeste",39.7,564,4.2,9918.2610257479
10.9,45.7401960267503,"Superior","Privado","Sudeste",30.9,263,2.4,4619.89570140495
5.6,37.4126046821893,"Médio","Privado","Nordeste",43.9,795,9.4,6138.51112237107
14.7,54.3895542103691,"Pós-Graduação","Público","Sul",32.6,171,8.1,11570.1008301502
10.9,44.7794429422759,"Pós-Graduação","Público","Sudeste",38.3,1167,5.8,11309.7030664852
4.7,33.8551239009501,"Médio","Privado","Centro-Oeste",32,770,6.4,5506.9951569557
3.1,32.3559816747477,"Fundamental","Privado","Sul",37.5,379,1.4,1850.53408861099
20.4,64.5070802242532,"Fundamental","Privado","Sul",45.1,240,1.9,5426.39646313815
6.6,38.3325144615756,"Superior","Privado","Norte",39.8,772,6.1,7903.9777270981
0.7,25.1720277794892,"Superior","Privado","Nordeste",38.4,904,9.1,7358.80427074315
12.7,50.4810471058154,"Superior","Privado","Centro-Oeste",46.6,-172,10,9907.81260096845
11.6,49.2237213613414,"Médio","Privado","Sudeste",47,1071,7.2,8899.03220534708
3.2,31.1947619814543,"Pós-Graduação","Privado","Sudeste",38.4,340,9.1,8247.57330927399
0.3,26.556998418876,"Médio","Autônomo","Sudeste",36.3,172,3.5,2002.75594323321
9.4,44.5289547954216,"Pós-Graduação","Privado","Norte",42.4,530,3.9,8221.15453633791
15.7,57.6094442697643,"Pós-Graduação","Privado","Nordeste",42.4,383,5.5,NA
13.2,52.7326846297644,"Superior","Privado","Sul",46,887,3.2,9735.94426934511
7.5,41.0004104573086,"Superior","Privado","Centro-Oeste",34.5,698,5.7,8147.9466930877
5.8,36.9904765353698,"Pós-Graduação","Público","Centro-Oeste",39.9,296,6.6,8992.50420917629
11.4,47.8622881857962,"Superior","Público","Sudeste",42.3,719,4.4,9061.50958465818
10.8,46.7376388123852,"Superior","Privado","Sul",35.9,423,5.3,6536.89940299704
13.1,51.5633145880859,"Pós-Graduação","Autônomo","Centro-Oeste",33.5,486,4.8,8256.6938557584
8,40.0995238135602,"Superior","Autônomo","Norte",30.5,535,4.9,7352.29095378352
14.5,53.4057023495649,"Superior","Privado","Norte",39.8,476,5,9776.99824689541
5.8,36.1019681808879,"Pós-Graduação","Público","Centro-Oeste",39.8,179,1.2,6642.96108297019
8.3,41.0758212023803,"Médio","Privado","Centro-Oeste",37.8,1012,7.7,8342.05397858483
13.7,52.1184702178373,"Médio","Autônomo","Norte",39.6,288,8.1,9668.75104951387
14.9,54.744497431367,"Pós-Graduação","Privado","Norte",32.3,233,8.6,9355.63692557906
0.3,24.8052013139487,"Médio","Público","Nordeste",43.9,76,6,1258.04285622819
10.5,43.7656750018129,"Pós-Graduação","Privado","Norte",40.8,639,7.4,9975.74602563775
13,53.0175232204744,"Superior","Autônomo","Sul",37,230,7.6,8217.7704688309
2.7,29.5835265979129,"Fundamental","Autônomo","Norte",37.9,362,9.6,4290.61482005149
12.4,50.8220611715142,"Fundamental","Autônomo","Norte",44,540,4.6,7025.68022323807
5.9,36.1823523252144,"Superior","Privado","Norte",38.1,386,7.6,5862.66798264522
15.1,55.699715646239,"Pós-Graduação","Privado","Norte",50.6,432,6.7,9416.5974822579
12.7,50.2631525208774,"Superior","Privado","Centro-Oeste",45.1,540,6.6,10614.9495213353
13.8,53.2013748051029,"Superior","Privado","Sudeste",36.3,728,6.7,6747.73977310628
10.6,44.3510376259035,"Superior","Privado","Nordeste",34.6,1092,8.2,10886.7343287832
14.3,53.837677214798,"Pós-Graduação","Público","Nordeste",43.2,206,5,8988.37664051111
16.9,58.6506906035845,"Superior","Privado","Nordeste",40,824,5,9822.77401057368
19.8,65.9873345891718,"Superior","Autônomo","Norte",43.4,750,5.7,11154.8800967228
9.9,44.4686787955453,"Pós-Graduação","Público","Sudeste",35.1,-362,7.9,7277.43194287796
-1.2,22.2119393299523,"Médio","Público","Centro-Oeste",40.5,482,8.8,4979.87139673854
10.2,43.5610470755101,"Superior","Autônomo","Norte",39.7,662,9.8,8425.52327959161
11,47.1642341312817,"Fundamental","Público","Nordeste",44.9,997,3.9,10133.3005021588
9.2,44.0189059741673,"Pós-Graduação","Autônomo","Nordeste",41.3,80,4.8,NA
12.8,50.3654062956036,"Médio","Privado","Centro-Oeste",38.3,438,9.7,7835.87805720026
15.1,54.6166880894003,"Superior","Privado","Norte",38.4,-128,8.6,8662.71009156923
7.4,40.1603320770106,"Pós-Graduação","Autônomo","Sul",41,646,8.6,9418.35628430521
8.5,40.8036572566991,"Pós-Graduação","Privado","Nordeste",36.9,864,5.6,8244.24837049538
12,49.3147243901713,"Médio","Público","Sul",41.2,531,4.1,7704.8948264698
7.2,40.4123873950144,"Superior","Privado","Sul",33,713,3,6318.34219711419
10.5,45.8355929951619,"Superior","Público","Norte",37.9,224,9.6,11255.0043960138
0.2,25.0117084762906,"Superior","Público","Sul",44.6,829,8.8,7098.33728560064
4.4,33.4508530608618,"Superior","Privado","Nordeste",39.7,487,8.9,8193.38896868716
3.4,32.2859236680628,"Médio","Privado","Norte",46.1,559,7.1,5037.48638286913
5.7,35.1270514957868,"Médio","Privado","Nordeste",40.1,520,9.7,7042.81024053171
6.5,37.1576487525459,"Superior","Público","Centro-Oeste",44.9,640,4.4,7542.44359450463
11.9,47.3067823620835,"Fundamental","Privado","Nordeste",41.6,643,3.7,7450.98462038338
14.9,54.5330770918703,"Pós-Graduação","Privado","Norte",37.2,751,9.6,12065.1829659069
6.4,37.7621978716055,"Superior","Público","Nordeste",44.3,744,7.4,8448.35802995183
5,35.086093967394,"Pós-Graduação","Privado","Centro-Oeste",44.6,967,1.3,6308.18073440115
4.8,34.4320862161346,"Médio","Privado","Sudeste",35.1,720,5.2,5791.92590020322
7.9,38.9707291088279,"Médio","Privado","Sudeste",41.2,492,5.3,6644.97692250333
8.8,41.3229562635853,"Superior","Público","Sudeste",47.5,-73,3.7,4973.58697918842
12.4,49.5040801632248,"Superior","Privado","Sudeste",40.8,531,4.8,NA
8.4,42.0758060499168,"Superior","Autônomo","Sudeste",43.4,43,8.5,8869.51275210253
-0.4,24.3879647442971,"Médio","Privado","Norte",46.8,819,5,3776.48516542505
9.5,42.9512851785377,"Superior","Público","Sul",41,181,2.9,6739.3727170404
15.9,57.8216775013178,"Superior","Privado","Norte",31.5,349,5.9,10026.0585368862
16,57.0453630999515,"Fundamental","Privado","Sul",39.1,785,7.4,8780.04308313107
6.1,36.8507704391009,"Pós-Graduação","Privado","Norte",44.1,214,9.7,NA
2.3,29.8686635242145,"Pós-Graduação","Público","Sul",34.9,671,2.1,6848.82116970618
22.3,70.4527895392348,"Médio","Público","Sudeste",38.4,130,1.2,9106.02431570997
9.2,44.0020549647828,"Pós-Graduação","Autônomo","Sudeste",37.8,80,4.1,4890.90535969394
9.5,43.6040446383648,"Pós-Graduação","Público","Nordeste",28.3,708,8.7,11983.3202749924
12.1,48.0189309768693,"Pós-Graduação","Público","Nordeste",44,655,9.2,12753.5616508314
1.9,29.6629339713313,"Pós-Graduação","Privado","Sudeste",35.1,526,3,6450.23493104377
6.4,36.7548547275771,"Superior","Privado","Centro-Oeste",33.3,236,1.3,3090.89775245646
2.3,28.9135521497119,"Médio","Privado","Nordeste",36.4,604,8.4,6898.35518611669
6.5,39.1454106139212,"Pós-Graduação","Privado","Norte",37.3,839,4.5,7577.12055472595
10.6,45.6728389606313,"Médio","Privado","Norte",41.4,453,3.9,4340.59945756498
3.2,31.1442154584784,"Médio","Autônomo","Norte",32.2,734,2,2619.18485738307
12.9,51.2730754989005,"Superior","Privado","Sudeste",34.4,754,8.3,10954.4331907103
11.4,49.1351698132162,"Superior","Público","Centro-Oeste",37.3,493,4.3,9052.1524628519
5.5,35.0158559249553,"Superior","Privado","Norte",40.2,566,4.7,4872.85886561712
11.1,47.94318312643,"Superior","Privado","Norte",45.3,374,2.9,6769.36351195634
13.7,52.3713549389137,"Superior","Privado","Centro-Oeste",37.4,299,3.4,5604.31226614654
15.3,57.0210886902201,"Médio","Autônomo","Sudeste",41.6,415,7.5,9402.68925995081
8.9,43.7605989196029,"Fundamental","Privado","Sul",45.7,-134,2,3945.37037288481
9.5,43.9535883941561,"Médio","Privado","Sudeste",26.2,566,5.8,8360.7151692652
9.6,43.4452597583619,"Superior","Privado","Nordeste",38.9,864,2.4,7091.47473858019
17.2,58.1017105702522,"Superior","Privado","Sul",44,658,2.4,9774.58352168772
15.6,55.1900519933211,"Médio","Público","Centro-Oeste",39.1,939,4.2,9201.59603196708
14.2,52.9577446433769,"Superior","Público","Sudeste",43.7,497,8.4,10098.1455671896
8.6,40.9924339399934,"Médio","Autônomo","Centro-Oeste",39.1,-87,5.4,5605.95710204727
11.9,48.6565516745594,"Superior","Público","Nordeste",44.3,346,4,9158.66131220697
12,48.4642579039046,"Superior","Público","Norte",40.8,329,7.3,9842.76149487674
4.8,36.5780656121356,"Médio","Público","Sudeste",38.2,792,2.2,5622.85596634458
1.4,28.8997463398831,"Superior","Autônomo","Sudeste",40.5,687,5.2,5434.46720619105
13.2,51.9082795063493,"Superior","Autônomo","Centro-Oeste",37.8,1006,6,10189.3189758954
2.4,29.241507644247,"Superior","Privado","Centro-Oeste",47,413,9,7037.69103261288
10,47.0168539528419,"Pós-Graduação","Privado","Centro-Oeste",46.2,747,1.9,6030.40521751771
11.3,47.3213251633805,"Médio","Autônomo","Norte",42.4,398,2,3259.65747412163
12.8,50.5631362803037,"Superior","Privado","Sudeste",38.1,329,4.6,6450.03432225451
10.9,44.869774621508,"Médio","Público","Sul",37.2,623,7.4,10271.0714936847
6.3,38.6945662557389,"Superior","Autônomo","Norte",35.6,249,4.8,4115.26046087942
14.9,54.7452281933008,"Médio","Privado","Centro-Oeste",36.9,821,8.4,10726.0902778265
18.7,61.384473700509,"Médio","Autônomo","Norte",38.8,607,1.7,8683.27438904517
14.4,53.7922713345115,"Médio","Público","Sul",41.9,457,7.3,9705.15365421208
0.3,26.677272892617,"Superior","Privado","Sudeste",50.4,281,6.8,5236.57568331524
17,59.0816606719446,"Superior","Privado","Sul",43.8,197,5,9610.82835734682
9.7,44.7034002634535,"Superior","Privado","Nordeste",36.8,-244,5.6,7328.63951602926
12.6,51.2597934807303,"Superior","Autônomo","Nordeste",45.7,673,3.8,7988.56752827246
13.1,50.2830723541847,"Pós-Graduação","Privado","Centro-Oeste",33.2,396,5.6,8606.87097755405
9.5,43.7507179221858,"Pós-Graduação","Privado","Nordeste",34.9,317,1.7,5422.30552322552
9.6,44.8903090809395,"Pós-Graduação","Autônomo","Nordeste",34.1,799,9.3,10848.624984036
15.1,53.804868650273,"Superior","Privado","Norte",39.9,1203,1.6,9717.69219438449
13.6,53.3972609655723,"Superior","Público","Centro-Oeste",30.8,491,8.7,11671.7539786095
15,53.9221318164501,"Médio","Privado","Nordeste",47.1,558,7.8,8213.58682284643
21.9,69.0687257236919,"Superior","Privado","Nordeste",43.7,759,1.4,9918.84639402074
13.3,51.7773040504534,"Superior","Privado","Sudeste",45.5,985,4.4,9353.93397061178
11,46.4057037300001,"Superior","Público","Sul",39.8,571,1.3,7908.27673097091
-1.1,23.016361275812,"Superior","Autônomo","Norte",45.3,480,1.6,3248.38615921031
23.5,71.8077606385683,"Médio","Privado","Centro-Oeste",41.7,529,1.4,9070.36162577288
7.6,41.0939445066945,"Médio","Autônomo","Sul",45.1,554,7.3,6824.34787746463
21.9,67.4547554332304,"Médio","Privado","Centro-Oeste",36.6,607,5.1,9336.68534909605
11.9,50.0976918387872,"Pós-Graduação","Público","Nordeste",36.8,287,8.1,11966.5310950785
17.7,60.1471711334778,"Superior","Privado","Sul",42.5,423,6,9884.16233869843
9.5,43.2582189936842,"Pós-Graduação","Público","Sul",34.5,-17,1.1,5713.49797752283
12.6,49.1370507573303,"Superior","Privado","Sul",49.6,436,2.7,7195.13367013423
11.1,48.279915639238,"Superior","Público","Norte",41.2,347,9.7,9100.40300156444
9.1,41.6614243283756,"Superior","Autônomo","Norte",43.5,744,2.1,7522.78071676536
9.4,43.9379651776331,"Pós-Graduação","Público","Sul",41.5,485,9,8432.31922309739
15.1,54.6038303151399,"Médio","Privado","Sul",48.7,216,5.1,7324.76918630816
9,42.2314868017737,"Médio","Autônomo","Centro-Oeste",37.5,340,1.9,4461.69212381399
-0.2,24.4392514013416,"Pós-Graduação","Privado","Sul",39.4,398,5.8,3590.08290368563
9,43.0587806858327,"Pós-Graduação","Autônomo","Centro-Oeste",40.7,175,2.9,6874.13053358007
12.7,50.03097460754,"Médio","Público","Centro-Oeste",39.1,797,1,6839.22271118963
13.1,50.4523252429206,"Fundamental","Privado","Norte",40.4,571,6.2,8879.88292764089
13.1,51.9290493010527,"Superior","Público","Sul",37.8,634,8.5,9080.45928205817
1.5,28.6611186099181,"Médio","Privado","Norte",44.4,28,6.8,3283.30501747056
11.8,50.2488193608194,"Superior","Público","Centro-Oeste",39.2,132,9.7,9736.8533189135
14.8,53.611253590119,"Superior","Privado","Centro-Oeste",39.7,336,2.1,6162.18387083969
16.4,56.7918754797798,"Pós-Graduação","Público","Norte",40.2,877,6.7,13416.7868144554
8.9,41.9847942513625,"Pós-Graduação","Privado","Centro-Oeste",35.4,388,3.4,7062.04831921342
8.4,40.6526352773708,"Médio","Autônomo","Sudeste",42.4,844,1,5098.1202777209
17.4,61.7841319371688,"Superior","Privado","Norte",38.1,650,10,12086.890572853
1.7,25.8904571054214,"Médio","Privado","Centro-Oeste",41.1,446,4.8,4064.04384128763
7.8,39.1881956549416,"Superior","Autônomo","Sul",40.5,289,8.4,8243.96667768251
12.3,48.8406660313912,"Pós-Graduação","Público","Sudeste",41.8,907,3.4,10211.5717292124
1.9,28.5603658368693,"Médio","Privado","Norte",42.1,680,9.3,7894.57473589769
11.4,47.6520549893395,"Superior","Público","Sul",41.5,493,2.3,7300.74193873534
19.4,64.8148114849664,"Médio","Privado","Norte",44.2,545,2.9,9499.33601757069
10,46.2807926944147,"Pós-Graduação","Autônomo","Sul",36.9,314,9.2,8915.90437041455
8.6,41.1584589299017,"Superior","Privado","Norte",37.9,1060,4.4,10513.9413734858
12.4,50.0250964596421,"Superior","Público","Centro-Oeste",42.1,676,1.6,8197.10958889349
8.6,40.5119959896832,"Pós-Graduação","Privado","Nordeste",35.3,772,1.8,7233.1432643617
14.1,54.0915205811791,"Superior","Privado","Norte",45.9,201,3.5,7108.74568747401
14.5,53.1257128342299,"Superior","Autônomo","Centro-Oeste",39,34,6.8,6135.55072717055
10,45.444844019072,"Médio","Público","Sul",39.6,1090,7.6,7838.6500863374
4.1,32.2050361367138,"Superior","Privado","Sudeste",35.6,521,5.3,5827.95970597887
3.4,31.8168928821138,"Médio","Público","Centro-Oeste",45.2,336,1.2,3634.5033707955
7,38.9925754193179,"Médio","Privado","Sul",42,479,9.9,6907.97889502139
14,51.9272313613394,"Médio","Privado","Sudeste",41.8,356,4.7,8028.95849641668
0.2,25.7796127054224,"Superior","Privado","Nordeste",37.6,808,4.4,6415.86468230135
0.6,29.4759082989689,"Superior","Privado","Sudeste",36.3,713,4.6,6414.04539198723
6.7,38.4203573007437,"Médio","Autônomo","Norte",36.9,1186,5.5,4931.41350134619
12,48.5837805962845,"Superior","Público","Centro-Oeste",48.5,96,2.6,8001.46974158212
5.4,35.2848131722673,"Superior","Autônomo","Nordeste",39.6,399,2.6,5647.66533212817
14.4,53.4394985286135,"Superior","Privado","Nordeste",50.4,648,4.5,9976.9515246346
11.7,48.5688067379634,"Pós-Graduação","Privado","Sul",40.2,998,6.3,11439.9762087803
9.1,42.3282479185184,"Superior","Privado","Sul",42.7,195,7.7,7591.27796119573
14.1,54.7216377437231,"Fundamental","Público","Norte",36.2,506,2.9,7238.88351950937
11.9,49.4023843534541,"Médio","Privado","Norte",45.8,382,4.6,7740.08942634137
7.8,41.523412639155,"Pós-Graduação","Privado","Norte",38.2,28,2.3,4325.04160230899
11.2,48.7836576010601,"Médio","Público","Sul",42.6,178,5,7711.4604475139
13.2,50.3106538332096,"Fundamental","Autônomo","Norte",33.5,148,5.1,5547.24868698548
11.8,47.6630776908734,"Pós-Graduação","Privado","Sul",43.2,-38,6.3,7335.51416134234
6.7,38.7285280600715,"Superior","Público","Nordeste",42.2,571,2.6,5889.23194132992
14.3,53.1201059716979,"Médio","Autônomo","Sul",28.6,549,8.7,9845.27698970621
15.8,57.1111605724343,"Fundamental","Privado","Centro-Oeste",35.9,719,2.7,7724.49565609218
11.4,47.7302391912794,"Pós-Graduação","Público","Sudeste",34.9,877,6,11055.6178121247
10.7,47.1059400847468,"Médio","Privado","Centro-Oeste",44.5,-83,7.3,8617.94984472149
9.6,42.5929284195486,"Pós-Graduação","Privado","Norte",42.8,375,2,5640.0992566118
20.8,67.3027523353043,"Superior","Privado","Nordeste",36,167,8.8,12654.4144137663
11.4,45.9544676138346,"Superior","Autônomo","Centro-Oeste",38.9,547,9.8,10493.8128865265
9.2,43.381667636122,"Superior","Privado","Centro-Oeste",43.9,795,8.3,9462.7488278189
-2.5,20.4704998737691,"Médio","Autônomo","Nordeste",32,613,6.8,NA
2.2,28.6051434264336,"Fundamental","Privado","Sul",40.1,475,5.5,7274.45074391713
9.6,45.7006998999036,"Fundamental","Público","Nordeste",41.4,392,8.1,6419.35529461172
11,47.2181274416591,"Médio","Privado","Norte",42.1,514,5.8,6460.49571207177
11.4,46.1902414002762,"Superior","Autônomo","Sudeste",34.7,756,6.2,9970.89543224175
14.1,54.7619411814293,"Médio","Público","Sudeste",36.7,773,3,6686.43660629522
9,43.3105914882565,"Médio","Público","Sudeste",42.2,618,7.2,8678.14208369689
16.1,56.9238342979098,"Pós-Graduação","Público","Sul",40.9,835,6.5,10596.5440926405
5.4,36.5249997085763,"Médio","Autônomo","Sudeste",44.1,515,2.8,4490.15119128278
4,31.7497845723978,"Superior","Público","Norte",44.9,941,8.6,11492.2337116518
3.9,32.8016706241027,"Pós-Graduação","Autônomo","Centro-Oeste",40.7,199,2,4179.64566699747
13.7,52.6831324713257,"Pós-Graduação","Público","Sudeste",49,582,2.5,9797.89442482959
9.6,41.2787039845147,"Superior","Privado","Nordeste",40.8,-44,9,8704.66202756655
13.9,52.3899112140667,"Superior","Autônomo","Norte",41.8,640,8.6,9491.11084969079
8.7,41.7093805035014,"Superior","Público","Sul",42.2,-212,3.8,4852.64360509761
7,39.3555272676479,"Superior","Privado","Sudeste",34.3,414,3.3,5074.16232948898
8.2,42.5131933547824,"Médio","Privado","Sul",40.7,524,5.7,6609.36975970312
0.7,26.5476561169171,"Médio","Privado","Sul",38.4,652,7,3821.01579504842
4.2,32.5978334989314,"Médio","Privado","Nordeste",41,322,8.5,5789.46865413834
2.8,30.5232115499626,"Pós-Graduação","Público","Centro-Oeste",39.9,331,1.7,5752.77005332272
15.3,54.5897717666724,"Médio","Privado","Norte",38,514,2.8,6807.95194037099
7,37.9914972435319,"Superior","Público","Sul",34.1,329,6.1,7388.53784893392
13.9,50.2965934907826,"Médio","Privado","Norte",35.2,643,7.6,9446.5796463039
17.6,59.9390328916005,"Superior","Privado","Centro-Oeste",29.4,663,9.1,10080.4872001222
9,43.5877950641992,"Médio","Privado","Centro-Oeste",41.4,132,3.6,4573.41924662072
11.4,48.0714455847256,"Pós-Graduação","Autônomo","Sudeste",39.2,403,5.2,6759.43170167016
1.2,26.3514185116167,"Superior","Público","Norte",43.2,872,3.6,5994.68334984795
5.9,36.3315526225728,"Superior","Autônomo","Sudeste",41.4,347,1.5,4818.49600542119
10.3,46.7306922500537,"Pós-Graduação","Privado","Sudeste",36.7,312,3.4,7477.8997969042
11.5,48.7393369661685,"Superior","Público","Centro-Oeste",37.1,791,9.5,10306.1309755894
6.2,37.9394979823441,"Fundamental","Privado","Norte",33.5,127,9.1,4729.69769340962
23.4,71.4788358771584,"Pós-Graduação","Público","Sudeste",36.1,379,2.9,13458.8240154009
7.7,40.3472984470763,"Fundamental","Autônomo","Sul",52.2,303,9.2,5078.31091713246
10.3,44.4857519488947,"Pós-Graduação","Privado","Norte",43.4,49,2.5,5082.05696355769
13.2,51.4389199961692,"Superior","Privado","Sudeste",33.8,422,9.2,9542.2663423834
9.9,45.2045753440643,"Superior","Privado","Sul",28.9,562,3.4,6699.82287755829
6.8,38.6548111938749,"Superior","Autônomo","Norte",36.9,298,7.5,6088.419620743
15.2,55.6146502115099,"Pós-Graduação","Público","Centro-Oeste",42.4,470,2.4,7968.18947258928
18.1,58.7953511535128,"Médio","Privado","Centro-Oeste",41.4,633,1.1,7927.05178970797
9.9,45.0864570046284,"Superior","Autônomo","Sul",36.9,563,6.2,6482.53137663279
12.8,50.2727308213532,"Pós-Graduação","Privado","Sul",36.6,334,7.5,8941.8003221721
9.5,42.7384788667185,"Pós-Graduação","Privado","Sudeste",41.4,253,6.7,8539.20236958814
15.1,54.8985641399015,"Pós-Graduação","Privado","Sudeste",42.7,616,9.8,12904.3331130385
4.2,33.5899505521752,"Médio","Privado","Centro-Oeste",54.6,782,4.2,6569.0999022073
21.6,67.2445639831661,"Superior","Público","Norte",39,446,6.1,13120.5746517548
7,39.0213242036089,"Pós-Graduação","Autônomo","Norte",38.6,187,8.2,7041.92138877901
2.7,29.2211658271535,"Superior","Autônomo","Sudeste",42.1,-202,1.2,188.897978548379
8.2,40.31832470305,"Pós-Graduação","Público","Sudeste",36.8,175,7,6779.80319361783
10.7,48.214146099357,"Médio","Público","Centro-Oeste",44.6,294,8.9,9200.86780342506
18.1,61.9740554771591,"Médio","Privado","Nordeste",33.5,863,1.9,6153.68503448158
14.6,52.6206750245519,"Pós-Graduação","Autônomo","Sudeste",40.7,554,7,10978.6030092456
10.7,46.1623510924454,"Superior","Autônomo","Sudeste",30.3,595,7.7,8627.33206999554
3.1,31.331156276312,"Pós-Graduação","Autônomo","Nordeste",42.8,514,3.6,7112.02431169436
5.7,36.0925335432347,"Pós-Graduação","Público","Centro-Oeste",38.9,268,1.9,5738.09338788822
9.2,44.4952089417745,"Pós-Graduação","Público","Sudeste",47.7,651,1.8,5608.35834359669
22.8,72.8587915561499,"Médio","Público","Norte",34.7,246,5.2,11127.4812756583
0.7,25.8209843940698,"Superior","Público","Centro-Oeste",34,702,4.5,6897.28628989922
15.7,57.244733113515,"Pós-Graduação","Público","Norte",46.6,219,4.5,9294.79278298218
7.4,40.9182915951115,"Superior","Público","Norte",40.6,734,7.2,8640.17911587733
18.3,62.0061520759372,"Superior","Privado","Centro-Oeste",31.2,969,2.9,10559.8264283066
4.3,34.0703489956015,"Superior","Privado","Sudeste",43.5,133,1.7,3880.90741325252
10.7,47.6261804572096,"Médio","Público","Nordeste",35.9,179,8.8,8058.53232557231
4.5,34.1209337455385,"Médio","Público","Centro-Oeste",42,779,4.7,6360.66080694769
14.5,52.0217356707448,"Superior","Público","Centro-Oeste",45.2,1040,5.6,13574.9514752311
17.4,60.2472485753837,"Pós-Graduação","Autônomo","Sul",39.9,341,7.5,11624.3813081036
19.8,63.3122342742107,"Pós-Graduação","Privado","Centro-Oeste",43,211,7.3,13423.8654193674
14,52.3878282532926,"Médio","Privado","Sul",48,647,2.7,7014.43471349673
19.2,63.1604817264869,"Fundamental","Privado","Centro-Oeste",37.1,902,5.3,9989.27252342391
16.2,55.2778878995432,"Superior","Privado","Sul",35.6,329,8,9996.44312384614
9.3,43.4164049609493,"Superior","Privado","Sul",43.1,537,2.7,7314.14328528925
12.4,50.6871069771574,"Fundamental","Privado","Nordeste",40.9,377,6.4,9235.29400433885
5.1,34.5771927114884,"Pós-Graduação","Público","Sudeste",41.1,737,7.5,9479.47337250164
9.1,41.7135085716391,"Superior","Privado","Nordeste",42.1,520,6.9,7962.70444289405
16.1,56.8980682320386,"Médio","Privado","Norte",41.1,756,2.9,8540.44581018134
12.7,49.8265346962708,"Fundamental","Privado","Centro-Oeste",42.7,503,6,7543.02261018058
12.3,49.9108736219234,"Superior","Público","Sul",33.9,570,8.2,10151.3206454935
4.8,33.9784392956692,"Pós-Graduação","Privado","Nordeste",42.2,770,1.4,4861.78404505747
7,38.2987366576059,"Médio","Privado","Sudeste",49.9,284,9.9,7480.7058395007
6.2,37.7576909604127,"Pós-Graduação","Privado","Sudeste",40,697,9.5,8746.83168576657
12,49.4958450577915,"Pós-Graduação","Privado","Sudeste",37.9,-9,6.7,6949.62552488895
5,36.1450050070927,"Médio","Público","Centro-Oeste",42.7,655,5.3,6308.62920085498
12.8,51.6653919949124,"Superior","Autônomo","Sul",46.4,747,7.8,10330.2673407097
4.4,33.1444266251481,"Médio","Público","Centro-Oeste",39.8,501,9.8,7496.03415838121
19.1,64.1055959021844,"Médio","Público","Nordeste",42.7,671,7,11017.7385824918
12.3,48.2752615293929,"Superior","Público","Centro-Oeste",37.7,676,4,8930.96088295814
6.5,38.160043407644,"Pós-Graduação","Privado","Nordeste",36.7,91,9.1,8523.62140082389
11.2,45.4127380270935,"Superior","Público","Sudeste",37.6,544,4.8,9615.78844881838
8.2,41.80470432337,"Médio","Privado","Sul",46.7,704,2,5387.19161251101
11.9,47.7265713262231,"Médio","Privado","Nordeste",47.7,709,8.9,8555.36816745413
11.2,47.3261852330076,"Médio","Público","Sul",34.3,413,2.5,6437.81498895919
4.9,35.074033057318,"Médio","Autônomo","Nordeste",40.9,343,9.5,4849.70009791898
6,35.5001299411017,"Superior","Privado","Sul",42.2,299,5.8,7458.6316313627
11.5,48.8978052207426,"Médio","Público","Centro-Oeste",32.9,93,3.2,6200.55558075061
18.2,62.4964873824296,"Superior","Público","Nordeste",41.3,440,5.3,12184.278030685
15.4,56.0773612766639,"Médio","Autônomo","Norte",37.9,661,4.2,8974.04061677531
6.9,37.5648245089596,"Médio","Privado","Sul",31,1189,2.1,6585.18974907467
14.1,51.715323165176,"Médio","Privado","Norte",43.6,271,4.1,6602.95812038426
9.8,43.0964735168149,"Superior","Privado","Sul",37.4,81,1.4,4983.37966072423
11.5,47.5536774967478,"Superior","Privado","Sul",32.5,1169,8.1,9616.07988329456
11.3,47.4932584175364,"Superior","Público","Norte",50.6,843,3.9,9180.61234958833
22.9,71.1531237648533,"Superior","Autônomo","Nordeste",44,481,7.4,13240.4507051157
4.1,33.995710991268,"Pós-Graduação","Público","Nordeste",45.9,715,9.6,NA
10.5,45.4815181228058,"Superior","Privado","Sudeste",40.7,704,3.7,7917.37020059342
1.1,28.3010914678319,"Fundamental","Autônomo","Centro-Oeste",28,557,9.9,4898.14618840956
12.9,50.4302319141294,"Pós-Graduação","Privado","Sul",36.8,860,2.4,10077.7291901551
15.5,54.4992432120011,"Pós-Graduação","Privado","Centro-Oeste",32.7,479,8.2,11458.3386404543
17.2,60.1134897878054,"Médio","Autônomo","Sudeste",37.6,634,6,8175.30317683531
0.4,26.3569793811751,"Superior","Privado","Norte",41.4,901,1.5,4533.28016388841
12.1,49.3179511650769,"Médio","Privado","Nordeste",42.6,49,5.3,7320.29500853872
18,61.4911990978912,"Superior","Privado","Nordeste",40.3,-6,8,9581.43980631888
7.9,42.2301033138926,"Superior","Privado","Nordeste",32.9,894,8.4,9020.21572742158
8.9,42.4698887737314,"Superior","Privado","Sul",42.9,797,3.7,7186.25396043962
9.8,45.6100014121647,"Médio","Público","Sul",36.2,592,1.7,7308.71785029564
11.8,48.049142678393,"Médio","Autônomo","Sul",29.5,428,6,6973.82737699392
13.3,52.9848165112121,"Superior","Privado","Norte",33,714,7.3,12346.0301420404
16.6,58.0344025038542,"Médio","Privado","Norte",44,2,7.8,NA
9.5,43.7671956566056,"Superior","Privado","Sudeste",41.4,374,8.5,8490.35665681689
11,47.6202384003259,"Médio","Privado","Sudeste",36.1,228,9.6,8760.49231160285
22.4,70.4072845233955,"Superior","Público","Centro-Oeste",21.3,1167,7,13845.0397127193
12.2,50.8410649166178,"Pós-Graduação","Privado","Centro-Oeste",43,168,6,10262.7381881188
10.9,47.2699829171677,"Pós-Graduação","Público","Norte",42.8,258,2.5,7512.86909955848
3.3,32.6078264999656,"Superior","Privado","Sul",39.1,178,3.2,2861.92664672623
10,45.6840118015299,"Médio","Privado","Norte",36.2,-32,1.9,3395.8774888334
8.9,42.3200256851779,"Médio","Autônomo","Sul",32.9,523,8,6857.47095760927
9.9,46.06728853859,"Superior","Privado","Nordeste",37.1,760,8.6,9531.70540584145
7.1,38.2317714892734,"Médio","Autônomo","Nordeste",38.1,456,8.1,6730.24810927342
6.6,39.2213647735295,"Pós-Graduação","Público","Nordeste",35.3,1147,9.8,12660.1294309708
6.4,36.9048330041641,"Fundamental","Privado","Norte",34.7,-36,8.4,4787.49021601158
8.9,43.7789386352503,"Pós-Graduação","Público","Norte",45.3,552,2,6995.75273648141
16.8,58.4880037490425,"Superior","Privado","Centro-Oeste",37.4,453,8.9,10980.8040953906
15.2,55.4350952708732,"Pós-Graduação","Privado","Sul",41.7,957,6.9,10389.9374392584
8.2,43.3314386274796,"Superior","Público","Nordeste",41.3,539,6.5,8548.48791077557
1.6,27.4397828573819,"Médio","Privado","Norte",42.2,197,2.4,2634.83333008771
